symbol,timestamp,open,high,low,close,volume
USDC,1/1/2019,1.0025,1.0043,0.9911,0.9931,1713573.21
USDC,1/2/2019,0.9932,0.9968,0.99,0.9925,2234224.25
USDC,1/3/2019,0.9915,0.9954,0.9895,0.995,2803713.34
USDC,1/4/2019,0.9947,0.9971,0.9908,0.9926,2850109.22
USDC,1/5/2019,0.993,0.9945,0.9872,0.9933,2276490.65
USDC,1/6/2019,0.9921,0.9963,0.9832,0.9885,1805023.27
USDC,1/7/2019,0.9884,0.993,0.985,0.9922,1844381.99
USDC,1/8/2019,0.9921,0.9938,0.9857,0.9908,2449157.14
USDC,1/9/2019,0.9917,0.9939,0.99,0.9922,2687865.2
USDC,1/10/2019,0.9915,0.9939,0.9801,0.9885,7806326.47
USDC,1/11/2019,0.99,0.9918,0.9858,0.9918,5117171.06
USDC,1/12/2019,0.9911,0.9927,0.9728,0.9897,2719601.73
USDC,1/13/2019,0.991,0.9933,0.986,0.9902,1890391.38
USDC,1/14/2019,0.9902,0.9936,0.986,0.9889,2601431.04
USDC,1/15/2019,0.9889,0.9936,0.9865,0.9918,4396766.06
USDC,1/16/2019,0.9921,0.9965,0.99,0.9947,2249964.25
USDC,1/17/2019,0.9947,0.9979,0.993,0.9949,2663793.63
USDC,1/18/2019,0.9937,0.9979,0.9926,0.9977,2815694.38
USDC,1/19/2019,0.9977,0.9985,0.9927,0.9949,2652205.22
USDC,1/20/2019,0.996,1.002,0.9945,1.0006,1225058.89
USDC,1/21/2019,1.0006,1.0006,0.9969,1.0004,1544230.81
USDC,1/22/2019,0.9999,1.0038,0.9975,0.9979,2746435.44
USDC,1/23/2019,0.9979,1.0006,0.9975,0.9998,1833426.48
USDC,1/24/2019,1.0,1.0023,0.9975,1.0001,2551196.5
USDC,1/25/2019,1.0001,1.0036,0.9993,1.0013,1369411.89
USDC,1/26/2019,1.0014,1.004,0.9995,1.0039,1173569.99
USDC,1/27/2019,1.0035,1.0075,1.0022,1.0064,2206228.5
USDC,1/28/2019,1.0062,1.0075,1.0001,1.0023,4180510.62
USDC,1/29/2019,1.0023,1.0065,1.0,1.005,2040985.73
USDC,1/30/2019,1.005,1.0087,1.003,1.0069,2344727.06
USDC,1/31/2019,1.0069,1.0092,1.0036,1.0061,3088943.87
USDC,2/1/2019,1.0063,1.0131,1.0048,1.0093,2211876.57
USDC,2/2/2019,1.0094,1.011,1.0079,1.0105,1274496.23
USDC,2/3/2019,1.011,1.014,1.0091,1.0132,1377914.0
USDC,2/4/2019,1.0123,1.0162,1.004,1.014,1518459.01
USDC,2/5/2019,1.014,10.11,1.0102,1.0115,1352953.08
USDC,2/6/2019,1.0122,1.0158,1.0104,1.0118,1936728.07
USDC,2/7/2019,1.0118,1.0144,1.0105,1.0116,1062018.81
USDC,2/8/2019,1.0116,1.019,1.005,1.0097,3010113.08
USDC,2/9/2019,1.0097,1.014,1.007,1.0106,1733489.76
USDC,2/10/2019,1.0108,1.0119,1.0071,1.0089,1629133.17
USDC,2/11/2019,1.0078,1.014,1.0066,1.0123,1456394.53
USDC,2/12/2019,1.0124,1.0165,1.0103,1.0121,2181907.28
USDC,2/13/2019,1.0116,1.0136,1.0092,1.0103,1971815.54
USDC,2/14/2019,1.0104,1.0136,1.0077,1.01,1993371.41
USDC,2/15/2019,1.0096,1.0122,1.0075,1.0114,1453390.79
USDC,2/16/2019,1.011,1.0114,1.0085,1.0108,1183662.66
USDC,2/17/2019,1.0104,1.015,1.0101,1.0123,1282710.39
USDC,2/18/2019,1.0126,1.0215,1.0051,1.0072,4142284.49
USDC,2/19/2019,1.0072,1.0137,1.0033,1.0076,3162557.04
USDC,2/20/2019,1.0076,1.0136,1.0035,1.008,2986338.21
USDC,2/21/2019,1.008,1.0111,1.0064,1.0098,2349742.94
USDC,2/22/2019,1.009,1.011,1.0064,1.0068,1812374.71
USDC,2/23/2019,1.0069,1.01,1.0003,1.0043,2210334.54
USDC,2/24/2019,1.0043,1.015,1.0002,1.0035,5544085.86
USDC,2/25/2019,1.0035,1.0086,1.0011,1.0035,3203939.75
USDC,2/26/2019,1.0035,1.0094,1.0021,1.0047,1814414.44
USDC,2/27/2019,1.0046,1.0079,1.0021,1.006,2349188.66
USDC,2/28/2019,1.0053,1.0064,1.002,1.0058,2067937.39
USDC,3/1/2019,1.0058,1.0082,1.003,1.0046,1989449.38
USDC,3/2/2019,1.0046,1.0067,1.0018,1.003,1178686.78
USDC,3/3/2019,1.0032,1.006,1.0022,1.0058,1081911.4
USDC,3/4/2019,1.0058,1.0067,1.001,1.0041,3319041.9
USDC,3/5/2019,1.0046,1.0064,1.0015,1.0028,3750299.99
USDC,3/6/2019,1.0035,1.005,1.0011,1.0026,2025212.59
USDC,3/7/2019,1.0026,1.006,1.0015,1.0042,2085128.84
USDC,3/8/2019,1.0042,1.0079,1.0032,1.0069,2253067.59
USDC,3/9/2019,1.0063,1.0079,1.0035,1.0052,1308956.82
USDC,3/10/2019,1.0052,1.0059,1.003,1.0048,1348332.13
USDC,3/11/2019,1.0055,1.0074,1.0028,1.0056,2256097.62
USDC,3/12/2019,1.0056,1.0074,1.0002,1.0055,1564039.05
USDC,3/13/2019,1.0055,1.006,1.003,1.0044,1398838.16
USDC,3/14/2019,1.0034,1.0105,1.0033,1.0062,3125349.17
USDC,3/15/2019,1.0067,1.01,1.0053,1.0062,1528324.92
USDC,3/16/2019,1.0067,1.0084,1.0025,1.0046,3534016.14
USDC,3/17/2019,1.0041,1.0063,1.0036,1.0042,2960514.95
USDC,3/18/2019,1.0042,1.0069,1.0036,1.0047,2835275.0
USDC,3/19/2019,1.0042,1.0064,1.004,1.0042,1785006.87
USDC,3/20/2019,1.0044,1.0064,1.0021,1.0029,2373454.02
USDC,3/21/2019,1.0029,1.0056,1.0,1.0027,4492130.23
USDC,3/22/2019,1.0018,1.0041,1.0008,1.0023,1523660.36
USDC,3/23/2019,1.0023,1.007,1.0012,1.0063,1580208.75
USDC,3/24/2019,1.0063,1.0063,1.003,1.005,1276332.63
USDC,3/25/2019,1.005,1.0089,1.0008,1.0067,4079921.2
USDC,3/26/2019,1.0069,1.0086,1.0035,1.0068,1518897.45
USDC,3/27/2019,1.0063,1.0081,1.0019,1.0026,2831675.72
USDC,3/28/2019,1.0021,1.005,1.0016,1.0045,1516290.07
USDC,3/29/2019,1.0045,1.005,1.0018,1.0027,2066700.75
USDC,3/30/2019,1.0027,1.0049,1.0013,1.0022,1432274.65
USDC,3/31/2019,1.0027,1.0039,1.0016,1.0025,1288488.66
USDC,4/1/2019,1.0025,1.0044,1.0011,1.0021,3019347.2
USDC,4/2/2019,1.0024,1.0049,0.9731,0.9922,9070509.37
USDC,4/3/2019,0.9921,0.9996,0.9825,0.9939,10676399.16
USDC,4/4/2019,0.9939,0.9996,0.988,0.9974,5004431.78
USDC,4/5/2019,0.9974,1.0036,0.9921,0.9935,3250103.6
USDC,4/6/2019,0.9935,1.001,0.9919,0.9998,3493783.0
USDC,4/7/2019,0.9991,1.0002,0.9925,0.9954,3788699.75
USDC,4/8/2019,0.9964,0.9993,0.981,0.9902,4972439.37
USDC,4/9/2019,0.9899,0.994,0.9832,0.993,3002838.95
USDC,4/10/2019,0.993,0.9995,0.988,0.9969,4362042.31
USDC,4/11/2019,0.9969,0.9983,0.9881,0.9948,5280473.63
USDC,4/12/2019,0.9948,0.997,0.99,0.9941,3537886.99
USDC,4/13/2019,0.994,0.9955,0.9921,0.9948,2047395.19
USDC,4/14/2019,0.9947,0.9968,0.9929,0.9933,2287931.9
USDC,4/15/2019,0.9933,1.001,0.9931,0.9994,4392482.87
USDC,4/16/2019,0.9994,1.0008,0.9932,0.9939,2792129.04
USDC,4/17/2019,0.9939,0.9966,0.9929,0.9953,2230460.68
USDC,4/18/2019,0.9953,0.9982,0.9931,0.9951,4335728.54
USDC,4/19/2019,0.9951,0.9983,0.995,0.995,3532605.03
USDC,4/20/2019,0.995,0.9983,0.9943,0.9943,3720446.74
USDC,4/21/2019,0.9944,0.996,0.9912,0.9921,4075604.46
USDC,4/22/2019,0.9921,0.9956,0.9916,0.9948,2704204.6
USDC,4/23/2019,0.9947,0.997,0.9927,0.9937,2830178.89
USDC,4/24/2019,0.9937,0.9956,0.9915,0.9951,4783104.44
USDC,4/25/2019,0.9951,1.0799,0.9944,1.0167,12392732.68
USDC,4/26/2019,1.0167,1.045,1.0163,1.0318,22215230.63
USDC,4/27/2019,1.0318,1.0333,1.0232,1.0243,4865391.91
USDC,4/28/2019,1.0243,1.0332,1.0238,1.0302,3278836.8
USDC,4/29/2019,1.0302,1.0309,1.016,1.0184,7615723.75
USDC,4/30/2019,1.018,1.0199,1.009,1.0098,6708100.96
USDC,5/1/2019,1.0098,1.017,1.0061,1.0121,7972016.77
USDC,5/2/2019,1.012,1.0249,1.0118,1.0199,5275587.08
USDC,5/3/2019,1.0199,1.028,1.0073,1.0192,9994634.62
USDC,5/4/2019,1.0198,1.0226,1.007,1.0107,6272471.21
USDC,5/5/2019,1.0111,1.0141,1.0075,1.0097,3088402.71
USDC,5/6/2019,1.0102,1.0145,1.0085,1.011,4937369.5
USDC,5/7/2019,1.011,1.0195,1.0055,1.0175,7762028.05
USDC,5/8/2019,1.0169,1.0249,1.007,1.0091,4203259.84
USDC,5/9/2019,1.0092,1.0159,1.006,1.0104,5790827.17
USDC,5/10/2019,1.0107,1.0163,1.0061,1.0091,4283712.86
USDC,5/11/2019,1.0093,1.0182,0.997,1.0018,18269314.23
USDC,5/12/2019,1.0018,1.0155,0.9975,1.0041,13426866.23
USDC,5/13/2019,1.0041,1.0057,0.9887,0.999,13043875.66
USDC,5/14/2019,0.999,1.0066,0.9905,0.996,13627170.87
USDC,5/15/2019,0.9964,1.002,0.9929,0.9959,8981773.72
USDC,5/16/2019,0.9957,1.0043,0.9924,0.9986,18877417.99
USDC,5/17/2019,0.9985,1.0247,0.995,0.9981,17801361.74
USDC,5/18/2019,0.9986,1.0013,0.9947,0.9994,7626666.99
USDC,5/19/2019,0.9992,1.0006,0.99,0.9942,12551144.88
USDC,5/20/2019,0.9939,1.0,0.991,0.9917,10050709.52
USDC,5/21/2019,0.9915,0.9971,0.991,0.994,12143484.77
USDC,5/22/2019,0.9936,1.012,0.993,1.0008,10939974.97
USDC,5/23/2019,1.0003,1.0018,0.9951,0.9967,7107961.3
USDC,5/24/2019,0.9965,0.9986,0.9913,0.996,8985925.91
USDC,5/25/2019,0.996,0.9974,0.9925,0.9949,6772852.4
USDC,5/26/2019,0.9945,0.9985,0.9852,0.9866,9570287.69
USDC,5/27/2019,0.987,0.9999,0.9856,0.997,14789334.95
USDC,5/28/2019,0.9969,1.0,0.9938,0.9991,7234647.59
USDC,5/29/2019,0.9987,1.0018,0.9959,0.9978,11556824.41
USDC,5/30/2019,0.9978,1.01,0.9955,0.9989,17443585.49
USDC,5/31/2019,0.9993,1.0044,0.9981,0.9993,7968367.54
USDC,6/1/2019,0.9993,1.0019,0.9972,0.9985,6286545.14
USDC,6/2/2019,0.9986,0.9999,0.995,0.9984,6530597.96
USDC,6/3/2019,0.9985,1.007,0.9965,1.0016,10576216.98
USDC,6/4/2019,1.0016,1.01,0.9981,1.0033,17141217.17
USDC,6/5/2019,1.003,1.0042,0.9973,0.9982,10020952.83
USDC,6/6/2019,0.9983,1.0007,0.9962,0.9976,6286039.55
USDC,6/7/2019,0.9975,0.999,0.9947,0.9971,5798600.45
USDC,6/8/2019,0.997,0.9988,0.9939,0.9962,3426963.07
USDC,6/9/2019,0.9962,0.9999,0.9946,0.9988,4474760.68
USDC,6/10/2019,0.9987,0.9992,0.993,0.9951,6113678.53
USDC,6/11/2019,0.995,0.998,0.9942,0.996,8278806.35
USDC,6/12/2019,0.996,0.9966,0.9925,0.9949,10414312.96
USDC,6/13/2019,0.9949,0.999,0.9938,0.9976,7753559.84
USDC,6/14/2019,0.9975,0.999,0.9944,0.9956,8335067.44
USDC,6/15/2019,0.9956,0.9976,0.9943,0.9953,8800492.41
USDC,6/16/2019,0.9953,1.0006,0.9931,0.9975,11634253.27
USDC,6/17/2019,0.9976,0.998,0.9938,0.9976,8530431.31
USDC,6/18/2019,0.9974,1.0024,0.9955,1.0001,8571274.76
USDC,6/19/2019,1.0001,1.002,0.9967,0.9972,5757322.05
USDC,6/20/2019,0.9974,0.9988,0.9947,0.9973,6475211.12
USDC,6/21/2019,0.9973,0.9999,0.995,0.995,10562385.68
USDC,6/22/2019,0.9951,1.0046,0.99,1.0039,20860340.84
USDC,6/23/2019,1.0043,1.0137,1.0029,1.0064,9451495.14
USDC,6/24/2019,1.0064,1.01,1.0003,1.0022,7305965.95
USDC,6/25/2019,1.0022,1.0085,1.0002,1.0047,9252557.57
USDC,6/26/2019,1.0048,1.0498,0.9983,1.0132,27990486.26
USDC,6/27/2019,1.0134,1.03,1.0045,1.0163,23162463.04
USDC,6/28/2019,1.0166,1.0259,1.0011,1.0044,12840119.07
USDC,6/29/2019,1.0044,1.0117,1.0005,1.0005,11746963.98
USDC,6/30/2019,1.0006,1.0144,0.9986,1.0101,9953087.06
USDC,7/1/2019,1.0098,1.0136,1.0029,1.0044,10558579.38
USDC,7/2/2019,1.0044,1.0104,0.9997,1.0009,14914449.69
USDC,7/3/2019,1.0009,1.0019,0.9946,0.9974,12799882.4
USDC,7/4/2019,0.9973,1.0032,0.9942,1.0002,9495314.59
USDC,7/5/2019,1.0002,1.004,0.9959,0.9992,6261076.02
USDC,7/6/2019,0.9992,1.0006,0.994,1.0001,7690641.32
USDC,7/7/2019,1.0001,1.0013,0.9935,0.994,6616600.56
USDC,7/8/2019,0.994,0.9983,0.9915,0.9967,9984318.89
USDC,7/9/2019,0.9967,1.0032,0.9911,0.9975,15322363.68
USDC,7/10/2019,0.9981,1.007,0.9968,1.0008,19906058.42
USDC,7/11/2019,1.0008,1.003,0.996,1.0001,18947193.87
USDC,7/12/2019,1.0001,1.0017,0.9951,0.9973,11852540.08
USDC,7/13/2019,0.9973,1.0038,0.9955,0.9993,9081300.06
USDC,7/14/2019,0.9992,1.006,0.9975,0.9996,11065533.26
USDC,7/15/2019,0.9996,1.0012,0.9971,0.9993,12049760.12
USDC,7/16/2019,0.9991,1.0046,0.9966,1.0008,17828982.94
USDC,7/17/2019,1.0008,1.0016,0.9967,0.9977,14488261.0
USDC,7/18/2019,0.998,1.0016,0.9951,0.9979,13348352.45
USDC,7/19/2019,0.998,1.0011,0.996,0.9979,10230072.41
USDC,7/20/2019,0.9979,0.9999,0.9956,0.9976,8940472.08
USDC,7/21/2019,0.9976,1.0012,0.997,1.0002,5473277.57
USDC,7/22/2019,1.0001,1.0049,0.999,1.0021,8359368.92
USDC,7/23/2019,1.0019,1.0028,0.9993,1.0012,6412648.15
USDC,7/24/2019,1.0012,1.0034,0.9992,0.9998,7205414.34
USDC,7/25/2019,0.9995,1.0006,0.998,0.9997,7650720.64
USDC,7/26/2019,0.9996,1.0009,0.9983,0.9993,5925178.1
USDC,7/27/2019,0.999,1.0045,0.9971,1.001,11882057.72
USDC,7/28/2019,1.001,1.0067,0.9984,1.0006,5926846.69
USDC,7/29/2019,1.0006,1.0071,0.9998,1.0013,8737957.9
USDC,7/30/2019,1.0013,1.0029,0.9975,0.9984,8651603.1
USDC,7/31/2019,0.9982,1.0002,0.9973,0.9989,6968850.85
USDC,8/1/2019,0.9988,1.001,0.9973,0.9974,9762987.32
USDC,8/2/2019,0.9977,1.0012,0.9973,1.0001,11713418.44
USDC,8/3/2019,1.0001,1.0011,0.9975,0.9992,6493167.31
USDC,8/4/2019,0.9992,0.9999,0.9953,0.9964,6945417.93
USDC,8/5/2019,0.9964,1.0009,0.9955,1.0009,14245852.18
USDC,8/6/2019,1.0009,1.005,0.9979,1.0015,15130227.76
USDC,8/7/2019,1.0016,1.0037,1.0,1.0004,12902846.14
USDC,8/8/2019,1.0002,1.0055,1.0001,1.001,10870389.11
USDC,8/9/2019,1.0006,1.0037,1.0001,1.0018,6959527.65
USDC,8/10/2019,1.0018,1.02,1.0002,1.0029,10581354.28
USDC,8/11/2019,1.0026,1.0041,0.9998,1.0007,4800417.6
USDC,8/12/2019,1.0009,1.0029,1.0002,1.0015,6870872.53
USDC,8/13/2019,1.0015,1.0068,1.0007,1.0036,5821445.56
USDC,8/14/2019,1.0033,1.0073,1.0017,1.0034,9472276.99
USDC,8/15/2019,1.0034,1.0067,1.0001,1.0007,10534796.46
USDC,8/16/2019,1.0011,1.0062,0.9985,0.9993,10304513.6
USDC,8/17/2019,0.9995,1.0015,0.9985,1.0003,5134201.42
USDC,8/18/2019,1.0007,1.001,0.9983,0.9991,4024116.1
USDC,8/19/2019,0.999,1.0006,0.9974,0.9992,6631372.44
USDC,8/20/2019,0.9992,1.0017,0.9987,0.9996,6453603.27
USDC,8/21/2019,0.9998,1.0041,0.9993,1.0013,7247242.92
USDC,8/22/2019,1.0016,1.0025,0.9987,0.9991,6360820.61
USDC,8/23/2019,0.9993,1.0006,0.9976,0.9987,8450787.08
USDC,8/24/2019,0.9987,1.0005,0.9973,0.999,5440055.32
USDC,8/25/2019,0.9991,1.0015,0.9981,1.0001,7119510.64
USDC,8/26/2019,1.0001,1.0032,0.9971,1.0017,12051768.33
USDC,8/27/2019,1.002,1.0029,1.0,1.001,5133894.5
USDC,8/28/2019,1.0011,1.0077,1.0004,1.0006,15425569.34
USDC,8/29/2019,1.0006,1.0024,0.9996,1.0004,6984424.27
USDC,8/30/2019,1.0004,1.0018,0.9987,0.9993,6353142.03
USDC,8/31/2019,0.9993,1.0005,0.999,0.9994,3641837.12
USDC,9/1/2019,0.9993,1.0,0.9975,0.9976,4483868.19
USDC,9/2/2019,0.9976,1.001,0.9965,0.9977,13709777.61
USDC,9/3/2019,0.9975,1.0002,0.997,0.9984,12858614.44
USDC,9/4/2019,0.9985,1.0003,0.9972,0.9988,12886087.91
USDC,9/5/2019,0.9991,1.0011,0.9982,0.9992,6364738.93
USDC,9/6/2019,0.9993,1.0026,0.9965,0.9991,15054466.81
USDC,9/7/2019,0.9989,1.0005,0.9972,0.9972,4097260.27
USDC,9/8/2019,0.9972,0.9993,0.9967,0.9988,2826286.82
USDC,9/9/2019,0.9985,1.0011,0.998,0.9991,8616005.85
USDC,9/10/2019,0.9991,1.0025,0.9988,1.0004,8747582.89
USDC,9/11/2019,1.0005,1.0028,1.0,1.0001,4778762.61
USDC,9/12/2019,1.0001,1.0014,0.9985,0.9987,4412163.84
USDC,9/13/2019,0.9988,1.0011,0.9979,0.9981,5269552.47
USDC,9/14/2019,0.9981,0.9997,0.9973,0.9974,3253022.74
USDC,9/15/2019,0.9977,0.9995,0.9972,0.9988,2155260.16
USDC,9/16/2019,0.9988,1.0017,0.998,0.9986,8659149.73
USDC,9/17/2019,0.9988,1.0007,0.9972,0.9997,15655070.01
USDC,9/18/2019,1.0,1.001,0.9985,0.9999,12019129.6
USDC,9/19/2019,0.9999,1.0049,0.9942,0.9977,16902247.6
USDC,9/20/2019,0.9979,1.0017,0.9977,1.0004,9131173.41
USDC,9/21/2019,1.0004,1.0012,0.9996,1.0008,3748384.85
USDC,9/22/2019,1.0009,1.0016,0.9997,1.0002,5678089.34
USDC,9/23/2019,1.0001,1.0033,0.9999,1.0008,9435786.23
USDC,9/24/2019,1.0007,1.0099,0.9879,0.9965,24708837.4
USDC,9/25/2019,0.9965,1.0006,0.9962,0.9997,9703127.5
USDC,9/26/2019,0.9997,1.002,0.9984,0.9997,9989741.47
USDC,9/27/2019,0.9999,1.0015,0.9975,0.9982,7152083.98
USDC,9/28/2019,0.9982,0.9996,0.997,0.9982,8700744.3
USDC,9/29/2019,0.9982,0.9999,0.9978,0.9982,5661595.02
USDC,9/30/2019,0.9983,1.0008,0.9974,0.9977,7685616.16
USDC,10/1/2019,0.9977,0.9989,0.9967,0.9975,6699989.15
USDC,10/2/2019,0.9975,1.0,0.9972,0.9977,9654897.65
USDC,10/3/2019,0.9975,0.9998,0.9972,0.9985,12086779.14
USDC,10/4/2019,0.9986,0.9999,0.9976,0.998,8320800.9
USDC,10/5/2019,0.9978,0.9995,0.9978,0.9981,8595338.43
USDC,10/6/2019,0.998,1.0001,0.9973,0.9997,11839941.83
USDC,10/7/2019,0.9997,0.9999,0.9975,0.9978,14001637.68
USDC,10/8/2019,0.9978,1.0,0.9975,0.9989,9750122.89
USDC,10/9/2019,0.999,1.0007,0.9975,0.9976,15947839.25
USDC,10/10/2019,0.9976,0.9989,0.9966,0.997,14794394.99
USDC,10/11/2019,0.9971,0.9999,0.9966,0.9992,10535994.29
USDC,10/12/2019,0.9991,1.0005,0.9981,0.9993,5370370.51
USDC,10/13/2019,0.9993,1.0,0.9978,0.9994,5172483.59
USDC,10/14/2019,0.9994,0.9999,0.9985,0.9995,4757813.74
USDC,10/15/2019,0.9993,1.0009,0.9988,1.0006,6662430.84
USDC,10/16/2019,1.0003,1.001,0.9993,0.9996,7541863.41
USDC,10/17/2019,0.9996,1.0007,0.9991,0.9997,7326141.69
USDC,10/18/2019,0.9996,1.0003,0.9986,0.9991,7813064.32
USDC,10/19/2019,0.9993,1.0,0.9986,0.9991,2134514.18
USDC,10/20/2019,0.9988,1.0,0.9982,0.9983,4402742.59
USDC,10/21/2019,0.9986,0.9999,0.9978,0.9984,7196910.42
USDC,10/22/2019,0.9982,0.9999,0.9976,0.9992,8126674.13
USDC,10/23/2019,0.9991,1.001,0.9986,0.9995,15657420.24
USDC,10/24/2019,0.9995,1.0,0.9976,0.998,8059063.07
USDC,10/25/2019,0.9983,0.9998,0.985,0.9984,16351014.04
USDC,10/26/2019,0.9984,0.9998,0.9911,0.9977,23719660.8
USDC,10/27/2019,0.9977,0.9989,0.9964,0.9972,10617198.38
USDC,10/28/2019,0.9975,0.9991,0.9963,0.998,12379457.84
USDC,10/29/2019,0.9981,0.9999,0.9974,0.9981,11355535.66
USDC,10/30/2019,0.9979,1.0006,0.9972,0.9992,11331099.93
USDC,10/31/2019,0.9989,1.0002,0.9981,0.9988,8373949.65
USDC,11/1/2019,0.9988,1.0002,0.9982,0.9987,8839233.32
USDC,11/2/2019,0.9988,0.9992,0.9977,0.9986,5758116.49
USDC,11/3/2019,0.9986,0.9999,0.9979,0.9991,3444819.33
USDC,11/4/2019,0.9992,1.0002,0.9921,0.9981,11237306.95
USDC,11/5/2019,0.9981,0.9999,0.9974,0.9991,8167502.89
USDC,11/6/2019,0.9989,1.0007,0.9986,1.0001,6484233.01
USDC,11/7/2019,1.0001,1.0023,0.9998,1.0011,8704519.31
USDC,11/8/2019,1.0011,1.0048,1.0007,1.0014,8962928.14
USDC,11/9/2019,1.0014,1.0018,1.0002,1.0005,3470950.33
USDC,11/10/2019,1.0005,1.001,0.9994,1.0003,4066582.48
USDC,11/11/2019,1.0003,1.0035,1.0001,1.0015,6803096.5
USDC,11/12/2019,1.0014,1.0036,1.0002,1.0008,7585080.34
USDC,11/13/2019,1.0008,1.0032,0.9999,1.0014,7036205.71
USDC,11/14/2019,1.0017,1.0042,1.001,1.0024,5303384.29
USDC,11/15/2019,1.0024,1.0042,1.0012,1.0019,5106162.54
USDC,11/16/2019,1.0015,1.0019,1.0003,1.0013,4160390.0
USDC,11/17/2019,1.001,1.0017,1.0,1.0003,3938218.83
USDC,11/18/2019,1.0003,1.0047,1.0003,1.0019,7355515.7
USDC,11/19/2019,1.0019,1.0038,1.0014,1.0014,5214973.17
USDC,11/20/2019,1.0017,1.004,1.001,1.0023,5769593.73
USDC,11/21/2019,1.0022,1.01,1.001,1.0011,7704349.63
USDC,11/22/2019,1.0011,1.0045,0.9981,0.9989,16133090.46
USDC,11/23/2019,0.9989,0.9997,0.9979,0.9985,10146607.32
USDC,11/24/2019,0.9985,1.0001,0.9983,0.9996,5240828.79
USDC,11/25/2019,0.9995,1.0005,0.9984,0.9987,9061081.3
USDC,11/26/2019,0.9988,1.0009,0.9986,0.9992,7621173.6
USDC,11/27/2019,0.9994,1.0005,0.9984,0.9989,12578065.53
USDC,11/28/2019,0.9989,1.0,0.9985,0.999,9006786.4
USDC,11/29/2019,0.9989,1.0001,0.9984,0.999,5299958.6
USDC,11/30/2019,0.9988,1.0,0.9985,0.9995,3945198.39
USDC,12/1/2019,0.9995,1.0005,0.9987,0.9988,4803775.9
USDC,12/2/2019,0.999,1.0004,0.9988,0.9992,4689497.74
USDC,12/3/2019,0.9993,1.0004,0.9987,0.9991,7647559.68
USDC,12/4/2019,0.9992,1.0005,0.998,0.9999,11197411.73
USDC,12/5/2019,0.9996,1.0009,0.9991,0.9993,5401575.75
USDC,12/6/2019,0.9993,1.0003,0.9983,0.9985,5813213.44
USDC,12/7/2019,0.9988,1.0,0.9981,0.9986,5571144.01
USDC,12/8/2019,0.9986,0.9993,0.998,0.9988,3325455.76
USDC,12/9/2019,0.9987,1.0002,0.9982,0.9999,7703893.28
USDC,12/10/2019,0.9999,1.002,0.9996,1.0003,7121890.43
USDC,12/11/2019,1.0003,1.0015,0.9998,1.0011,4802735.26
USDC,12/12/2019,1.0012,1.0022,1.0003,1.001,4192536.36
USDC,12/13/2019,1.0011,1.002,1.0004,1.0006,3171781.68
USDC,12/14/2019,1.0007,1.0032,1.0003,1.0006,4248252.77
USDC,12/15/2019,1.0007,1.0016,1.0005,1.0008,3343309.97
USDC,12/16/2019,1.0011,1.0034,1.0008,1.0023,4681320.64
USDC,12/17/2019,1.0023,1.0028,1.0004,1.0011,6563501.77
USDC,12/18/2019,1.0011,1.002,0.9982,0.9992,11992475.11
USDC,12/19/2019,0.9991,1.0019,0.9984,1.0006,6887559.8
USDC,12/20/2019,1.0006,1.0011,0.9997,0.9999,4458697.31
USDC,12/21/2019,0.9998,1.0002,0.9994,0.9998,3829588.95
USDC,12/22/2019,0.9996,1.0004,0.9987,0.9988,3626866.95
USDC,12/23/2019,0.9988,1.0008,0.9981,1.0004,7532148.68
USDC,12/24/2019,1.0004,1.0018,1.0002,1.001,4932347.28
USDC,12/25/2019,1.001,1.002,1.0007,1.0014,2656996.73
USDC,12/26/2019,1.0014,1.0022,1.0009,1.0017,4163408.94
USDC,12/27/2019,1.0017,1.0044,1.0012,1.0016,5796901.86
USDC,12/28/2019,1.0014,1.0033,1.0012,1.0019,3635128.8
USDC,12/29/2019,1.0019,1.0035,1.0009,1.0011,3695999.01
USDC,12/30/2019,1.0011,1.0036,1.001,1.0033,4691641.67
USDC,12/31/2019,1.0034,1.0044,1.0026,1.0036,4263878.02
USDC,1/1/2020,1.0036,1.0042,1.0025,1.0035,2534819.68
USDC,1/2/2020,1.0032,1.0047,1.0024,1.0027,6138413.58
USDC,1/3/2020,1.0026,1.0039,1.0005,1.0011,7417049.2
USDC,1/4/2020,1.0012,1.002,1.0005,1.0008,2790681.61
USDC,1/5/2020,1.001,1.0017,1.0,1.001,3561616.24
USDC,1/6/2020,1.001,1.0015,0.9998,0.9999,6186384.0
USDC,1/7/2020,0.9999,1.0012,0.9991,0.9991,10009357.14
USDC,1/8/2020,0.9992,1.0015,0.9983,1.001,11509809.78
USDC,1/9/2020,1.001,1.0014,0.9998,1.0007,5387662.11
USDC,1/10/2020,1.0007,1.0024,0.9999,1.0008,13636816.29
USDC,1/11/2020,1.0008,1.0014,0.9999,1.0005,5185871.18
USDC,1/12/2020,1.0004,1.0012,0.9998,1.0003,3852949.1
USDC,1/13/2020,1.0003,1.0032,1.0,1.0008,7178386.43
USDC,1/14/2020,1.0007,1.0018,0.9986,0.9997,19664980.25
USDC,1/15/2020,0.9997,1.0029,0.9994,1.0013,11585747.95
USDC,1/16/2020,1.0014,1.004,1.0008,1.0014,10241240.91
USDC,1/17/2020,1.0014,1.0029,1.0003,1.0017,11322090.54
USDC,1/18/2020,1.0018,1.0026,1.0003,1.0009,7148113.01
USDC,1/19/2020,1.0008,1.0077,1.0002,1.0007,8469140.18
USDC,1/20/2020,1.0006,1.0026,1.0004,1.0018,5110368.58
USDC,1/21/2020,1.0016,1.0031,0.999,1.0017,7062778.98
USDC,1/22/2020,1.0016,1.0037,1.0013,1.0029,4287087.1
USDC,1/23/2020,1.0029,1.0047,1.0014,1.0026,5495805.6
USDC,1/24/2020,1.0026,1.0031,1.001,1.002,3779066.18
USDC,1/25/2020,1.0019,1.0065,1.001,1.0022,3773659.9
USDC,1/26/2020,1.0021,1.0034,1.0002,1.0024,4310685.68
USDC,1/27/2020,1.0022,1.0036,1.0013,1.0017,6100459.08
USDC,1/28/2020,1.0018,1.003,0.9985,0.9997,12816038.53
USDC,1/29/2020,0.9997,1.003,0.9995,1.0016,7307243.24
USDC,1/30/2020,1.0016,1.0035,1.0005,1.0013,7481171.66
USDC,1/31/2020,1.0013,1.003,1.001,1.0016,6945164.22
USDC,2/1/2020,1.0017,1.0028,1.0,1.0012,6590547.65
USDC,2/2/2020,1.0009,1.0021,0.9999,1.0014,6230168.46
USDC,2/3/2020,1.0014,1.0034,0.9999,1.0014,7473914.39
USDC,2/4/2020,1.0014,1.0038,1.0009,1.0034,9617726.67
USDC,2/5/2020,1.0034,1.0037,0.9985,1.0003,15630991.88
USDC,2/6/2020,1.0003,1.0025,0.9995,1.0022,12986087.96
USDC,2/7/2020,1.0022,1.0028,1.001,1.0011,9991239.57
USDC,2/8/2020,1.0012,1.0025,0.999,0.9994,10236275.16
USDC,2/9/2020,0.9993,1.0006,0.998,0.9993,8770763.26
USDC,2/10/2020,0.9994,1.0022,0.9982,1.0004,11985562.08
USDC,2/11/2020,1.0004,1.001,0.9934,0.9956,12831699.02
USDC,2/12/2020,0.9954,1.0,0.995,0.9977,14116935.33
USDC,2/13/2020,0.9977,1.0019,0.9967,1.0002,14191358.44
USDC,2/14/2020,1.0003,1.0019,0.998,0.998,12340015.48
USDC,2/15/2020,0.998,1.0017,0.9975,1.0001,11612420.2
USDC,2/16/2020,1.0001,1.001,0.998,0.9993,12105211.86
USDC,2/17/2020,0.9994,1.0006,0.9967,0.9995,12478904.31
USDC,2/18/2020,0.9998,1.0,0.9968,0.9977,13088308.76
USDC,2/19/2020,0.9977,1.0016,0.9968,0.9998,12502937.05
USDC,2/20/2020,0.9996,1.0021,0.9991,0.9993,11405237.68
USDC,2/21/2020,0.9994,0.9998,0.9984,0.9984,10844273.66
USDC,2/22/2020,0.9986,1.0,0.9982,0.9984,5286072.04
USDC,2/23/2020,0.9984,0.9987,0.9966,0.997,8631440.71
USDC,2/24/2020,0.997,1.0014,0.9965,1.0002,9334920.04
USDC,2/25/2020,1.0002,1.0017,0.9973,1.0009,11164426.95
USDC,2/26/2020,1.0011,1.004,1.0002,1.0008,15730470.36
USDC,2/27/2020,1.0008,1.0021,0.9987,1.0008,11543896.18
USDC,2/28/2020,1.0006,1.0019,0.9976,0.9986,8260683.94
USDC,2/29/2020,0.9983,1.0006,0.9981,0.9999,7289054.2
USDC,3/1/2020,0.9999,1.0021,0.9984,1.0009,8781023.11
USDC,3/2/2020,1.0012,1.0017,0.9985,0.9994,9428339.26
USDC,3/3/2020,0.9995,1.001,0.997,1.0,11106256.63
USDC,3/4/2020,1.0002,1.0006,0.997,0.9994,9338299.49
USDC,3/5/2020,0.9995,1.0,0.9974,0.9985,12468323.23
USDC,3/6/2020,0.9984,0.9993,0.9958,0.9977,10270698.18
USDC,3/7/2020,0.9977,0.9991,0.9965,0.9989,7702359.48
USDC,3/8/2020,0.9989,1.001,0.9975,1.0,13598749.19
USDC,3/9/2020,1.0001,1.0015,0.9986,1.0002,15144325.68
USDC,3/10/2020,1.0002,1.001,0.999,1.0001,10156126.02
USDC,3/11/2020,1.0001,1.001,0.9986,0.9994,9001629.26
USDC,3/12/2020,0.9995,1.0464,0.995,1.0005,36067359.44
USDC,3/13/2020,1.0009,1.0236,0.98,0.9921,54816721.36
USDC,3/14/2020,0.9918,1.0019,0.9865,1.0017,15907726.91
USDC,3/15/2020,1.0017,1.0032,0.9969,1.0026,16254210.47
USDC,3/16/2020,1.0027,1.005,0.9978,0.9984,27690278.0
USDC,3/17/2020,0.9984,1.0,0.9931,0.9967,17607093.67
USDC,3/18/2020,0.9969,0.999,0.9948,0.9964,11570053.95
USDC,3/19/2020,0.9964,0.9983,0.993,0.9973,23067425.9
USDC,3/20/2020,0.9973,1.001,0.9953,0.9998,20611715.3
USDC,3/21/2020,0.9999,1.001,0.9976,0.999,12354958.35
USDC,3/22/2020,0.9988,0.9999,0.9969,0.9993,10773688.77
USDC,3/23/2020,0.9993,0.9996,0.9921,0.9959,11456566.65
USDC,3/24/2020,0.9959,0.9987,0.9941,0.9969,12724559.67
USDC,3/25/2020,0.9969,0.9988,0.996,0.9977,8651344.73
USDC,3/26/2020,0.998,0.9988,0.9964,0.9964,7286435.44
USDC,3/27/2020,0.9964,0.9999,0.9954,0.999,9831417.89
USDC,3/28/2020,0.999,1.0,0.9975,0.9979,8102508.22
USDC,3/29/2020,0.9979,1.0005,0.9975,1.0004,7187162.97
USDC,3/30/2020,1.0004,1.0008,0.9961,0.9983,13009890.97
USDC,3/31/2020,0.9981,0.9995,0.9975,0.9978,7112233.29
USDC,4/1/2020,0.9978,0.9993,0.9961,0.9969,8369362.58
USDC,4/2/2020,0.997,1.0001,0.9957,0.9994,14764861.93
USDC,4/3/2020,0.9994,0.9999,0.9978,0.9991,13929131.23
USDC,4/4/2020,0.9988,0.9997,0.996,0.9977,13110065.28
USDC,4/5/2020,0.9977,0.9999,0.9974,0.9988,8939078.02
USDC,4/6/2020,0.999,0.9998,0.9973,0.9984,17456410.61
USDC,4/7/2020,0.9986,1.0002,0.9979,0.9999,16186322.66
USDC,4/8/2020,0.9999,1.0007,0.9978,0.9987,11491452.18
USDC,4/9/2020,0.9985,0.9997,0.998,0.9989,13546640.16
USDC,4/10/2020,0.999,1.0003,0.9977,0.9985,17920036.98
USDC,4/11/2020,0.9985,0.9994,0.9976,0.9985,9400618.75
USDC,4/12/2020,0.9986,0.999,0.9962,0.9988,10892865.88
USDC,4/13/2020,0.9986,0.9998,0.9965,0.9976,12093608.52
USDC,4/14/2020,0.9976,0.9995,0.997,0.9991,7754828.47
USDC,4/15/2020,0.9991,1.0004,0.998,0.9997,9549133.91
USDC,4/16/2020,0.9995,1.0011,0.9976,0.9984,14799232.82
USDC,4/17/2020,0.9985,0.9995,0.9979,0.9991,9531894.17
USDC,4/18/2020,0.999,0.9999,0.9977,0.9984,10250363.11
USDC,4/19/2020,0.9985,0.9996,0.9979,0.9986,8067153.79
USDC,4/20/2020,0.9986,1.0002,0.9977,0.9986,17916417.2
USDC,4/21/2020,0.9986,0.9993,0.997,0.9983,15406493.04
USDC,4/22/2020,0.9984,0.9992,0.998,0.999,14963569.94
USDC,4/23/2020,0.9988,0.9999,0.9977,0.999,16603821.01
USDC,4/24/2020,0.9992,1.0004,0.9984,0.9991,15394166.54
USDC,4/25/2020,0.9992,0.9999,0.9984,0.9991,8554610.27
USDC,4/26/2020,0.9991,1.0004,0.9982,0.9986,7784113.31
USDC,4/27/2020,0.9986,0.9992,0.9977,0.998,8364726.57
USDC,4/28/2020,0.9981,0.9994,0.998,0.998,7792248.15
USDC,4/29/2020,0.998,0.9993,0.9968,0.9991,20911048.29
USDC,4/30/2020,0.9991,1.0007,0.9974,0.9994,20425400.46
USDC,5/1/2020,0.9994,1.0,0.998,0.9993,11075159.9
USDC,5/2/2020,0.9991,0.9998,0.9982,0.9988,10795231.26
USDC,5/3/2020,0.999,1.0,0.9986,0.999,12531100.04
USDC,5/4/2020,0.9989,1.0,0.9981,0.9984,11644919.12
USDC,5/5/2020,0.9986,0.9998,0.9983,0.9992,10093588.94
USDC,5/6/2020,0.9994,0.9996,0.9976,0.999,13392451.55
USDC,5/7/2020,0.9989,0.9999,0.9976,0.9983,13518279.3
USDC,5/8/2020,0.9983,0.9995,0.9979,0.9994,17189763.4
USDC,5/9/2020,0.9992,1.0004,0.9987,1.0,12520864.55
USDC,5/10/2020,1.0,1.003,0.9981,0.9995,20914792.68
USDC,5/11/2020,0.9995,1.0016,0.998,0.9991,13300421.63
USDC,5/12/2020,0.9992,1.003,0.9972,0.9993,9447241.75
USDC,5/13/2020,0.9992,1.0,0.9982,0.9986,10925885.85
USDC,5/14/2020,0.9988,1.0001,0.9982,0.9996,14040840.7
USDC,5/15/2020,0.9996,1.0017,0.9993,1.0009,9074878.17
USDC,5/16/2020,1.0009,1.0011,0.9997,1.0002,6931548.92
USDC,5/17/2020,1.0002,1.001,0.9994,1.0004,6870523.11
USDC,5/18/2020,1.0005,1.003,0.9994,1.0005,10708615.35
USDC,5/19/2020,1.0005,1.0044,0.9989,0.9997,10655053.67
USDC,5/20/2020,0.9997,1.003,0.9991,1.0004,9607222.47
USDC,5/21/2020,1.0005,1.004,1.0002,1.0009,13142365.42
USDC,5/22/2020,1.0008,1.0018,0.9996,1.0,10266091.32
USDC,5/23/2020,1.0,1.0007,0.9989,0.9999,7375871.49
USDC,5/24/2020,0.9998,1.0014,0.9992,1.0005,7021503.34
USDC,5/25/2020,1.0004,1.0015,0.9995,1.0002,7695770.76
USDC,5/26/2020,1.0002,1.001,0.9996,1.0003,7299825.11
USDC,5/27/2020,1.0003,1.0012,0.9992,1.0001,10625188.73
USDC,5/28/2020,1.0001,1.0014,0.998,0.9998,11769095.08
USDC,5/29/2020,0.9997,1.0012,0.9996,1.0003,7211268.3
USDC,5/30/2020,1.0004,1.0008,0.9984,0.9998,15805536.81
USDC,5/31/2020,0.9998,1.0017,0.9994,1.0007,8067729.29
USDC,6/1/2020,1.0007,1.003,0.989,0.9992,14552967.37
USDC,6/2/2020,0.9991,1.0025,0.9981,1.0,23132723.58
USDC,6/3/2020,1.0,1.0007,0.9995,1.0001,8913650.12
USDC,6/4/2020,0.9999,1.0011,0.9994,1.0001,9894049.12
USDC,6/5/2020,1.0001,1.0009,0.9997,1.0007,7487958.8
USDC,6/6/2020,1.0007,1.0016,0.9997,1.0001,5989606.17
USDC,6/7/2020,1.0002,1.001,0.9986,0.9995,9953941.17
USDC,6/8/2020,0.9994,1.0016,0.9986,0.9995,8651475.56
USDC,6/9/2020,0.9995,1.0005,0.9987,0.9995,9287252.33
USDC,6/10/2020,0.9993,1.0003,0.9979,0.9994,10387806.52
USDC,6/11/2020,0.9995,1.003,0.999,1.0012,15477956.16
USDC,6/12/2020,1.0012,1.0021,0.999,1.0002,7183341.25
USDC,6/13/2020,1.0002,1.0009,0.9996,0.9998,5492348.08
USDC,6/14/2020,1.0,1.0013,0.9997,1.0009,4596560.87
USDC,6/15/2020,1.0009,1.0025,0.9992,0.9997,13218210.37
USDC,6/16/2020,0.9996,1.0012,0.9992,1.0004,13428842.62
USDC,6/17/2020,1.0003,1.0027,1.0,1.001,12560351.01
USDC,6/18/2020,1.001,1.0018,1.0005,1.0012,9937949.93
USDC,6/19/2020,1.0012,1.0022,1.0006,1.0017,14227888.83
USDC,6/20/2020,1.0017,1.002,1.0002,1.0004,11073008.95
USDC,6/21/2020,1.0005,1.0018,1.0002,1.0015,10418293.44
USDC,6/22/2020,1.0013,1.0016,0.9992,1.0,16242094.87
USDC,6/23/2020,0.9999,1.0012,0.9992,1.0005,10693608.65
USDC,6/24/2020,1.0005,1.0022,1.0,1.0012,15561446.38
USDC,6/25/2020,1.0012,1.0025,1.0,1.0008,13516628.8
USDC,6/26/2020,1.0008,1.0026,1.0,1.001,11347671.11
USDC,6/27/2020,1.0008,1.0028,0.9999,1.001,11998452.8
USDC,6/28/2020,1.0009,1.0018,1.0,1.0006,6445116.84
USDC,6/29/2020,1.0006,1.0027,0.9989,1.0004,10092976.86
USDC,6/30/2020,1.0004,1.002,0.9991,1.0001,8679056.28
USDC,7/1/2020,1.0001,1.0017,0.9992,0.9995,17106981.39
USDC,7/2/2020,0.9995,1.0018,0.9993,0.9999,16251729.17
USDC,7/3/2020,0.9998,1.0009,0.9996,0.9999,16502048.77
USDC,7/4/2020,0.9999,1.0005,0.9994,0.9997,8882972.08
USDC,7/5/2020,0.9999,1.002,0.9992,0.9997,8630422.35
USDC,7/6/2020,0.9997,1.0006,0.9994,0.9996,13630089.19
USDC,7/7/2020,0.9998,1.0009,0.999,1.0001,12792450.41
USDC,7/8/2020,1.0002,1.0061,0.999,0.9998,31656048.26
USDC,7/9/2020,0.9997,1.0015,0.999,1.0,13925138.54
USDC,7/10/2020,1.0001,1.0015,0.9997,1.0,14703323.9
USDC,7/11/2020,1.0,1.0006,0.9994,1.0,10664897.54
USDC,7/12/2020,1.0,1.01,0.9994,1.0001,13721415.19
USDC,7/13/2020,1.0,1.0016,0.9999,1.0007,16414495.08
USDC,7/14/2020,1.0007,1.0016,0.9994,1.0,18420577.55
USDC,7/15/2020,0.9999,1.01,0.9999,1.001,15767255.05
USDC,7/16/2020,1.0009,1.0018,1.0003,1.0005,17497564.53
USDC,7/17/2020,1.0006,1.0015,0.9999,1.0003,13960816.59
USDC,7/18/2020,1.0003,1.0005,0.9995,0.9999,13770388.36
USDC,7/19/2020,0.9999,1.0002,0.9993,0.9995,11881704.7
USDC,7/20/2020,0.9996,1.0005,0.9995,0.9997,12028731.02
USDC,7/21/2020,0.9997,1.0009,0.9988,0.9994,16893821.87
USDC,7/22/2020,0.9994,1.0,0.9976,0.9981,17197258.63
USDC,7/23/2020,0.9982,0.9998,0.9975,0.9991,20295008.02
USDC,7/24/2020,0.9991,0.9995,0.9975,0.9987,16791805.54
USDC,7/25/2020,0.9987,0.9995,0.997,0.9989,14907372.41
USDC,7/26/2020,0.9989,1.0005,0.9929,0.999,26862272.4
USDC,7/27/2020,0.999,1.0005,0.9764,0.9984,47735966.5
USDC,7/28/2020,0.9983,1.0,0.9977,0.9979,31320568.48
USDC,7/29/2020,0.9979,1.0,0.991,0.9992,25820219.62
USDC,7/30/2020,0.9991,1.0001,0.9977,0.9988,26846167.39
USDC,7/31/2020,0.9987,1.0,0.9976,0.9984,28938170.63
USDC,8/1/2020,0.9985,1.0,0.9965,0.9987,37137905.45
USDC,8/2/2020,0.9987,1.0002,0.992,1.0,35454411.61
USDC,8/3/2020,1.0001,1.0006,0.9984,0.999,26995544.33
USDC,8/4/2020,0.999,1.0001,0.9988,0.9995,23601645.21
USDC,8/5/2020,0.9995,1.0007,0.99,0.9989,23141174.58
USDC,8/6/2020,0.999,0.9998,0.9973,0.9992,17878209.23
USDC,8/7/2020,0.9992,1.0001,0.9985,0.9989,21674526.46
USDC,8/8/2020,0.9989,1.0002,0.998,0.9994,22625787.26
USDC,8/9/2020,0.9994,1.0,0.9976,0.9994,19236551.85
USDC,8/10/2020,0.9994,0.9997,0.997,0.9991,29883632.42
USDC,8/11/2020,0.9992,1.0012,0.9986,1.0004,39255192.61
USDC,8/12/2020,1.0004,1.0012,0.9984,0.9997,33507026.49
USDC,8/13/2020,0.9997,1.0014,0.9983,0.9987,39500062.05
USDC,8/14/2020,0.9987,0.9997,0.9971,0.9988,34535050.79
USDC,8/15/2020,0.9988,1.0001,0.9982,0.9994,28239364.33
USDC,8/16/2020,0.9994,1.0009,0.9991,0.9997,26350617.94
USDC,8/17/2020,0.9997,1.001,0.9971,0.9987,39355888.22
USDC,8/18/2020,0.9987,1.0007,0.9983,0.9993,36070796.36
USDC,8/19/2020,0.9992,1.0013,0.9984,0.9997,31240684.23
USDC,8/20/2020,0.9997,1.001,0.9987,0.9994,28867543.9
USDC,8/21/2020,0.9994,1.003,0.997,1.0002,38913002.9
USDC,8/22/2020,1.0002,1.0008,0.9983,0.9995,26786785.35
USDC,8/23/2020,0.9995,1.0,0.9993,0.9996,17317380.89
USDC,8/24/2020,0.9996,1.0012,0.9993,0.9998,19636615.79
USDC,8/25/2020,0.9998,1.0009,0.9994,0.9996,27345602.72
USDC,8/26/2020,0.9996,1.0015,0.9966,0.9994,29682063.81
USDC,8/27/2020,0.9994,1.0007,0.999,1.0,26636374.26
USDC,8/28/2020,1.0001,1.0015,0.999,0.9995,27451308.39
USDC,8/29/2020,0.9995,1.0009,0.9987,0.9996,22087285.31
USDC,8/30/2020,0.9996,1.001,0.9995,0.9999,24346810.46
USDC,8/31/2020,1.0,1.0015,0.999,0.9997,27641577.28
USDC,9/1/2020,0.9997,1.0002,0.9977,0.9996,43140829.52
USDC,9/2/2020,0.9996,1.0009,0.9977,0.9992,42966831.14
USDC,9/3/2020,0.9992,1.0047,0.998,0.9985,49737435.72
USDC,9/4/2020,0.9985,1.0001,0.9973,0.9993,53497949.41
USDC,9/5/2020,0.9993,1.0029,0.998,0.9999,39653607.41
USDC,9/6/2020,0.9999,1.003,0.9946,0.9999,32808100.91
USDC,9/7/2020,0.9998,1.0028,0.9992,1.0,32572957.46
USDC,9/8/2020,1.0,1.0006,0.9963,1.0002,31528730.07
USDC,9/9/2020,1.0003,1.001,0.9993,0.9998,36331842.1
USDC,9/10/2020,0.9997,1.0009,0.9986,0.9997,38385579.75
USDC,9/11/2020,0.9997,1.0011,0.9991,0.9994,37911344.6
USDC,9/12/2020,0.9995,1.001,0.9991,0.9999,29099519.04
USDC,9/13/2020,0.9998,1.0015,0.9991,0.9999,33325056.06
USDC,9/14/2020,0.9999,1.0009,0.9993,0.9998,44963569.59
USDC,9/15/2020,0.9998,1.0008,0.9995,1.0,32282360.52
USDC,9/16/2020,1.0001,1.0006,0.9994,1.0,41535280.48
USDC,9/17/2020,1.0,1.001,0.999,0.9999,41911955.72
USDC,9/18/2020,0.9999,1.0025,0.9992,0.9999,41329791.99
USDC,9/19/2020,0.9999,1.0005,0.9995,0.9999,25124569.28
USDC,9/20/2020,0.9999,1.002,0.9995,1.0001,29558171.99
USDC,9/21/2020,1.0001,1.0025,0.9995,1.0001,40208646.77
USDC,9/22/2020,1.0001,1.0007,0.9998,0.9999,25456071.49
USDC,9/23/2020,0.9999,1.0051,0.9995,1.0004,44609564.9
USDC,9/24/2020,1.0004,1.001,0.9997,0.9998,30956911.76
USDC,9/25/2020,0.9997,1.0007,0.9995,0.9995,29962481.18
USDC,9/26/2020,0.9996,1.0001,0.9995,0.9998,18647086.97
USDC,9/27/2020,0.9998,1.0004,0.9995,0.9999,16472036.01
USDC,9/28/2020,0.9999,1.0004,0.9994,1.0003,20041326.97
USDC,9/29/2020,1.0002,1.0006,0.9997,1.0,28037730.56
USDC,9/30/2020,1.0001,1.0007,0.9997,0.9999,28060807.73
USDC,10/1/2020,0.9999,1.0012,0.9996,1.0003,41869323.64
USDC,10/2/2020,1.0002,1.001,0.999,0.9998,35174198.51
USDC,10/3/2020,0.9999,1.0006,0.9997,0.9997,17507728.49
USDC,10/4/2020,0.9997,1.0003,0.9996,0.9998,18288701.08
USDC,10/5/2020,0.9997,1.0002,0.9996,0.9999,19772805.17
USDC,10/6/2020,0.9998,1.0011,0.9996,1.0001,35860170.37
USDC,10/7/2020,1.0002,1.0006,0.9996,0.9999,24437170.85
USDC,10/8/2020,0.9999,1.0006,0.9995,0.9997,30816435.3
USDC,10/9/2020,0.9996,1.0,0.9991,0.9995,28232769.81
USDC,10/10/2020,0.9994,1.0002,0.998,0.9994,27073567.2
USDC,10/11/2020,0.9994,1.0001,0.9992,0.9997,21071809.11
USDC,10/12/2020,0.9998,1.0002,0.999,0.9994,28740439.86
USDC,10/13/2020,0.9994,0.9999,0.999,0.9995,30799115.52
USDC,10/14/2020,0.9995,0.9999,0.9991,0.9994,19513438.23
USDC,10/15/2020,0.9994,0.9999,0.9991,0.9994,25839937.2
USDC,10/16/2020,0.9994,1.01,0.9965,0.9994,38213391.51
USDC,10/17/2020,0.9994,1.0,0.9992,0.9997,11522640.0
USDC,10/18/2020,0.9996,1.0,0.9993,0.9995,8487418.73
USDC,10/19/2020,0.9994,1.0003,0.9993,0.9995,27600594.72
USDC,10/20/2020,0.9996,1.0001,0.9991,0.9991,29442529.4
USDC,10/21/2020,0.9991,1.0001,0.997,0.9982,44113819.98
USDC,10/22/2020,0.9982,0.9997,0.9981,0.9988,29525689.92
USDC,10/23/2020,0.9989,0.9999,0.9983,0.9991,30179168.29
USDC,10/24/2020,0.9991,0.9998,0.9986,0.999,15712888.23
USDC,10/25/2020,0.9989,0.9995,0.9986,0.999,11639801.17
USDC,10/26/2020,0.9991,0.9998,0.9987,0.9988,30115477.67
USDC,10/27/2020,0.9989,0.9999,0.9988,0.9996,31458217.24
USDC,10/28/2020,0.9996,1.0001,0.9993,0.9996,26166158.41
USDC,10/29/2020,0.9996,1.0002,0.9991,0.9994,30582186.27
USDC,10/30/2020,0.9993,1.0,0.9989,0.9994,28478742.6
USDC,10/31/2020,0.9994,0.9998,0.999,0.999,14549142.93
USDC,11/1/2020,0.999,0.9998,0.9988,0.9994,16409809.04
USDC,11/2/2020,0.9994,1.0001,0.9988,0.9991,33457159.47
USDC,11/3/2020,0.9992,1.0,0.9991,0.9994,23132990.76
USDC,11/4/2020,0.9994,0.9999,0.9989,0.9989,25737768.58
USDC,11/5/2020,0.999,0.9997,0.9983,0.9985,34283929.57
USDC,11/6/2020,0.9984,0.9994,0.9979,0.9987,31964275.45
USDC,11/7/2020,0.9987,0.9997,0.9981,0.9988,30062551.89
USDC,11/8/2020,0.9988,0.9996,0.9986,0.9994,18474950.53
USDC,11/9/2020,0.9994,0.9997,0.9986,0.9993,39695817.64
USDC,11/10/2020,0.9993,0.9996,0.9985,0.999,31218406.66
USDC,11/11/2020,0.999,0.9994,0.9983,0.999,31091894.92
USDC,11/12/2020,0.999,0.9992,0.9981,0.999,32318223.15
USDC,11/13/2020,0.999,0.9994,0.9984,0.9989,29178309.92
USDC,11/14/2020,0.999,0.9995,0.9988,0.9991,17214660.93
USDC,11/15/2020,0.9991,0.9997,0.999,0.9992,18251077.87
USDC,11/16/2020,0.9992,0.9999,0.9989,0.9995,26153764.2
USDC,11/17/2020,0.9995,1.0,0.9987,0.9991,36782810.15
USDC,11/18/2020,0.9991,0.9997,0.9985,0.9992,39072357.94
USDC,11/19/2020,0.9992,0.9998,0.9986,0.999,23484328.18
USDC,11/20/2020,0.9989,0.9997,0.9987,0.9993,35627213.32
USDC,11/21/2020,0.9993,0.9999,0.9984,0.9991,32709523.98
USDC,11/22/2020,0.9992,0.9999,0.9986,0.9988,31625093.12
USDC,11/23/2020,0.9987,0.9996,0.9985,0.999,45087779.05
USDC,11/24/2020,0.999,0.9997,0.9976,0.9991,63376372.48
USDC,11/25/2020,0.9991,1.0002,0.9987,0.9998,46536173.16
USDC,11/26/2020,0.9998,1.0007,0.9985,0.9991,81134320.67
USDC,11/27/2020,0.9991,1.0006,0.9989,0.9995,42403206.49
USDC,11/28/2020,0.9995,1.0,0.9987,0.9992,32279038.49
USDC,11/29/2020,0.9991,0.9999,0.9989,0.9991,22953138.6
USDC,11/30/2020,0.9991,1.0008,0.9979,0.9995,53073132.39
USDC,12/1/2020,0.9996,1.0003,0.9985,0.9993,52310084.05
USDC,12/2/2020,0.9992,1.0002,0.9991,0.9994,39834260.03
USDC,12/3/2020,0.9994,1.0,0.999,0.9991,40491676.23
USDC,12/4/2020,0.9991,0.9998,0.999,0.9997,41288058.98
USDC,12/5/2020,0.9997,0.9999,0.999,0.9995,27982930.64
USDC,12/6/2020,0.9994,0.9998,0.9992,0.9994,24908361.54
USDC,12/7/2020,0.9995,1.0001,0.9993,0.9997,27361042.09
USDC,12/8/2020,0.9997,1.0006,0.9994,1.0004,45916304.15
USDC,12/9/2020,1.0005,1.0007,0.9995,0.9996,46257851.53
USDC,12/10/2020,0.9996,1.0007,0.9996,1.0,31722431.44
USDC,12/11/2020,1.0,1.0007,0.9998,1.0,34657564.66
USDC,12/12/2020,1.0,1.0,0.9995,0.9996,23558952.62
USDC,12/13/2020,0.9997,1.0006,0.9994,1.0004,35069614.37
USDC,12/14/2020,1.0003,1.0005,0.9997,1.0002,29882076.34
USDC,12/15/2020,1.0002,1.0004,0.9995,0.9996,50202577.75
USDC,12/16/2020,0.9996,1.0,0.9984,0.9992,64494573.12
USDC,12/17/2020,0.9992,1.0002,0.9988,0.9996,88122047.98
USDC,12/18/2020,0.9996,1.0005,0.9984,0.9988,64262494.48
USDC,12/19/2020,0.9989,1.0,0.9985,0.999,53197994.04
USDC,12/20/2020,0.9989,1.0,0.9989,0.9993,38037139.45
USDC,12/21/2020,0.9993,1.0006,0.9993,0.9996,54217501.82
USDC,12/22/2020,0.9996,1.0024,0.9993,0.9998,78299277.51
USDC,12/23/2020,0.9999,1.0011,0.9998,1.0002,82869504.41
USDC,12/24/2020,1.0003,1.0009,0.9998,1.0004,54064928.22
USDC,12/25/2020,1.0004,1.0008,1.0,1.0003,44420849.42
USDC,12/26/2020,1.0003,1.0009,0.9999,1.0005,58078535.44
USDC,12/27/2020,1.0005,1.0017,1.0002,1.0011,73244512.9
USDC,12/28/2020,1.0011,1.0024,1.0006,1.0016,77070222.41
USDC,12/29/2020,1.0016,1.0021,1.0003,1.0008,83917486.02
USDC,12/30/2020,1.0008,1.0012,0.9995,0.9997,82557578.83
USDC,12/31/2020,0.9997,1.0005,0.9984,0.9986,115857134.6
USDC,1/1/2021,0.9986,0.9986,0.9966,0.9974,67689287.68
USDC,1/2/2021,0.9974,1.0009,0.997,0.9989,151583426.9
USDC,1/3/2021,0.999,1.0011,0.9898,0.9992,190775978.2
USDC,1/4/2021,0.9991,1.0014,0.9891,0.9994,218607812.0
USDC,1/5/2021,0.9994,0.9998,0.9961,0.9969,130129099.0
USDC,1/6/2021,0.9969,0.9988,0.9957,0.9975,148865749.8
USDC,1/7/2021,0.9976,1.0015,0.996,0.9985,194454729.7
USDC,1/8/2021,0.9986,1.0004,0.9964,0.9991,169884641.2
USDC,1/9/2021,0.9992,1.0,0.9957,0.9966,105658435.5
USDC,1/10/2021,0.9967,1.0016,0.9965,0.9997,156238997.5
USDC,1/11/2021,0.9997,1.0073,0.999,0.9997,276068013.2
USDC,1/12/2021,0.9998,1.0042,0.9988,1.0006,144246739.8
USDC,1/13/2021,1.0006,1.0049,0.9995,0.9998,120187410.8
USDC,1/14/2021,0.9998,1.005,0.9993,1.0014,155488366.0
USDC,1/15/2021,1.0014,1.0071,0.9998,0.9999,159728532.2
USDC,1/16/2021,0.9999,1.0012,0.9981,1.0001,155753860.0
USDC,1/17/2021,1.0001,1.0071,0.9991,1.0004,112816004.9
USDC,1/18/2021,1.0003,1.001,0.9991,0.9996,108167446.2
USDC,1/19/2021,0.9996,1.0004,0.9978,0.9997,194157244.6
USDC,1/20/2021,0.9996,1.0004,0.9989,0.9995,130561792.8
USDC,1/21/2021,0.9994,1.0018,0.9993,1.0006,194819852.4
USDC,1/22/2021,1.0006,1.003,0.9969,0.9992,226512573.5
USDC,1/23/2021,0.9992,0.9996,0.9986,0.9993,74455323.49
USDC,1/24/2021,0.9994,0.9999,0.9987,0.999,89012143.83
USDC,1/25/2021,0.999,1.0006,0.9988,1.0,118475804.2
USDC,1/26/2021,0.9999,1.0004,0.9982,0.9991,127439210.4
USDC,1/27/2021,0.9991,1.0,0.9976,0.9982,111568356.3
USDC,1/28/2021,0.9982,0.9995,0.9973,0.9976,117915555.2
USDC,1/29/2021,0.9976,1.0003,0.9367,0.9995,234513414.9
USDC,1/30/2021,0.9994,1.0002,0.9967,0.9988,99186409.78
USDC,1/31/2021,0.9988,1.0,0.9987,0.9991,73539812.21
USDC,2/1/2021,0.9992,1.0004,0.9988,0.9998,98456054.65
USDC,2/2/2021,0.9998,1.001,0.999,0.9991,114568346.4
USDC,2/3/2021,0.9991,1.0005,0.9971,0.9989,173507531.2
USDC,2/4/2021,0.9988,0.9998,0.9979,0.999,154630141.0
USDC,2/5/2021,0.999,1.0001,0.998,0.9992,143009719.7
USDC,2/6/2021,0.9991,1.0002,0.9979,0.9985,126901316.2
USDC,2/7/2021,0.9985,0.9997,0.9982,0.9982,125420108.1
USDC,2/8/2021,0.9983,0.9997,0.9962,0.999,148170748.1
USDC,2/9/2021,0.999,0.9999,0.9967,0.9988,178768275.4
USDC,2/10/2021,0.9989,1.0001,0.9975,0.9994,187473572.6
USDC,2/11/2021,0.9994,1.0,0.9974,0.9993,134833323.6
USDC,2/12/2021,0.9993,0.9999,0.9968,0.9978,169113628.6
USDC,2/13/2021,0.9978,0.9996,0.9969,0.9987,166417022.7
USDC,2/14/2021,0.9988,1.0025,0.9982,0.9991,195366546.9
USDC,2/15/2021,0.999,1.001,0.9981,0.9999,191179277.2
USDC,2/16/2021,0.9999,1.0007,0.9993,1.0,174180987.4
USDC,2/17/2021,1.0001,1.0008,0.9993,0.9997,181903703.6
USDC,2/18/2021,0.9996,1.001,0.9993,0.9999,180874628.2
USDC,2/19/2021,1.0,1.005,0.999,0.9997,216278689.2
USDC,2/20/2021,0.9997,1.0011,0.9988,0.9991,220411162.9
USDC,2/21/2021,0.9991,1.0021,0.999,0.9992,130246946.3
USDC,2/22/2021,0.9992,1.005,0.9985,0.9999,322341276.3
USDC,2/23/2021,0.9999,1.006,0.9987,1.0004,398360560.5
USDC,2/24/2021,1.0003,1.001,0.999,0.9995,293371306.2
USDC,2/25/2021,0.9995,1.0004,0.9989,1.0001,173593545.9
USDC,2/26/2021,1.0,1.0005,0.9992,0.9997,187493338.0
USDC,2/27/2021,0.9997,1.0005,0.9991,0.9993,102859074.3
USDC,2/28/2021,0.9992,1.0001,0.9971,0.9983,145795270.2
USDC,3/1/2021,0.9984,1.0001,0.9976,0.999,183741978.8
USDC,3/2/2021,0.9989,1.0004,0.9986,0.9992,131034190.7
USDC,3/3/2021,0.9993,1.0001,0.9984,0.9995,120442014.0
USDC,3/4/2021,0.9995,1.0007,0.9991,1.0003,199643062.1
USDC,3/5/2021,1.0002,1.0006,0.9994,0.9999,99606246.78
USDC,3/6/2021,0.9998,1.0007,0.9993,0.9997,101570077.0
USDC,3/7/2021,0.9997,1.0007,0.9993,0.9997,97198407.6
USDC,3/8/2021,0.9997,1.0001,0.9993,0.9995,118046896.9
USDC,3/9/2021,0.9995,1.0003,0.9992,0.9997,151984387.6
USDC,3/10/2021,0.9996,1.0007,0.999,0.9999,153973657.2
USDC,3/11/2021,0.9998,1.0007,0.9993,0.9998,173369530.2
USDC,3/12/2021,0.9999,1.0007,0.999,1.0,150814799.9
USDC,3/13/2021,1.0001,1.0015,0.9991,1.0005,133682487.7
USDC,3/14/2021,1.0005,1.0009,0.9997,1.0,100017364.4
USDC,3/15/2021,1.0001,1.0007,0.9995,1.0001,164634289.0
USDC,3/16/2021,1.0,1.0015,0.9992,0.9997,161943810.3
USDC,3/17/2021,0.9997,1.0005,0.9991,0.9997,140469468.1
USDC,3/18/2021,0.9997,1.0003,0.9994,1.0002,110321553.4
USDC,3/19/2021,1.0003,1.0007,0.9992,0.9999,114400690.0
USDC,3/20/2021,0.9999,1.0003,0.9994,1.0,87484165.44
USDC,3/21/2021,1.0,1.0003,0.9992,0.9998,90517390.02
USDC,3/22/2021,0.9997,1.0004,0.999,0.9996,129464964.5
USDC,3/23/2021,0.9997,1.0002,0.9991,0.9998,106278449.0
USDC,3/24/2021,0.9999,1.001,0.9996,1.0002,189341914.8
USDC,3/25/2021,1.0002,1.0011,0.9991,0.9997,158657166.7
USDC,3/26/2021,0.9998,1.0001,0.9991,0.9994,155689854.7
USDC,3/27/2021,0.9994,1.0002,0.9993,0.9997,82512672.41
USDC,3/28/2021,0.9998,1.0004,0.9993,1.0003,74592429.94
USDC,3/29/2021,1.0003,1.0005,0.9998,1.0002,165568998.6
USDC,3/30/2021,1.0001,1.0007,0.9995,0.9997,136591360.6
USDC,3/31/2021,0.9997,1.0004,0.9994,0.9998,128225396.1
USDC,4/1/2021,0.9998,1.0005,0.9995,1.0002,150213700.3
USDC,4/2/2021,1.0002,1.0007,0.9996,0.9999,159273813.1
USDC,4/3/2021,0.9998,1.0006,0.9996,0.9996,110216547.2
USDC,4/4/2021,0.9997,1.0,0.9991,0.9998,98171665.63
USDC,4/5/2021,0.9999,1.0005,0.9996,1.0,132707859.2
USDC,4/6/2021,1.0,1.003,0.9997,0.9999,152497572.0
USDC,4/7/2021,1.0,1.0011,0.9999,1.0004,161441041.7
USDC,4/8/2021,1.0004,1.0013,0.9999,1.0002,135519004.1
USDC,4/9/2021,1.0002,1.0006,0.9999,1.0004,96174034.82
USDC,4/10/2021,1.0004,1.0014,1.0,1.0002,118015292.2
USDC,4/11/2021,1.0002,1.0011,1.0002,1.0007,88958191.01
USDC,4/12/2021,1.0008,1.0012,1.0001,1.0005,139838278.4
USDC,4/13/2021,1.0006,1.0009,0.9995,0.9999,189843141.4
USDC,4/14/2021,0.9999,1.0006,0.9994,1.0,219502782.1
USDC,4/15/2021,1.0,1.0004,0.9988,0.999,194074454.2
USDC,4/16/2021,0.9991,1.0001,0.9956,0.9987,353765706.7
USDC,4/17/2021,0.9987,1.0,0.9984,0.9991,211091512.6
USDC,4/18/2021,0.9991,1.0001,0.9747,0.998,335244600.6
USDC,4/19/2021,0.998,0.9997,0.9979,0.9993,214815241.1
USDC,4/20/2021,0.9994,1.0,0.9985,0.999,217828272.9
USDC,4/21/2021,0.999,0.9999,0.9987,0.9996,182487896.8
USDC,4/22/2021,0.9997,1.001,0.9989,0.9999,230160276.5
USDC,4/23/2021,0.9999,1.045,0.9978,0.9991,345147246.4
USDC,4/24/2021,0.9991,0.9999,0.9984,0.9987,103471478.6
USDC,4/25/2021,0.9988,0.9997,0.998,0.999,104290615.5
USDC,4/26/2021,0.9989,0.9996,0.99,0.9992,146189518.6
USDC,4/27/2021,0.9992,0.9993,0.9982,0.9988,144307117.0
USDC,4/28/2021,0.9988,0.9998,0.9982,0.9991,154260422.8
USDC,4/29/2021,0.9991,0.9998,0.9988,0.9994,139460731.4
USDC,4/30/2021,0.9995,0.9998,0.9986,0.9989,135412434.6
USDC,5/1/2021,0.9988,0.9996,0.9987,0.999,102491044.0
USDC,5/2/2021,0.9991,0.9998,0.9989,0.9993,85332498.27
USDC,5/3/2021,0.9993,1.0012,0.999,0.9992,196912779.1
USDC,5/4/2021,0.9992,1.0,0.9988,0.9995,217844778.9
USDC,5/5/2021,0.9996,1.0,0.9984,0.9988,197818534.7
USDC,5/6/2021,0.9988,1.01,0.9983,0.9991,206161093.0
USDC,5/7/2021,0.9992,0.9998,0.9984,0.999,215161560.9
USDC,5/8/2021,0.9991,0.9991,0.9978,0.9987,178699263.9
USDC,5/9/2021,0.9987,1.0029,0.9982,0.9988,351483273.3
USDC,5/10/2021,0.9987,0.9999,0.9978,0.9989,263097717.4
USDC,5/11/2021,0.9989,0.9999,0.9982,0.9988,176880437.2
USDC,5/12/2021,0.9989,1.0002,0.997,1.0001,262103843.2
USDC,5/13/2021,1.0001,1.0003,0.9973,0.9999,371228166.8
USDC,5/14/2021,1.0,1.001,0.998,0.999,257060610.2
USDC,5/15/2021,0.9991,1.0,0.9986,0.9997,204568743.1
USDC,5/16/2021,0.9998,1.0099,0.9993,0.9997,268845092.8
USDC,5/17/2021,0.9997,1.01,0.998,1.0,346186684.2
USDC,5/18/2021,1.0,1.0,0.9987,0.9993,206678449.6
USDC,5/19/2021,0.9994,1.0389,0.99,0.9983,776166386.2
USDC,5/20/2021,0.9983,1.0001,0.9975,0.9978,414412061.0
USDC,5/21/2021,0.9978,1.0079,0.9964,0.9987,449099364.5
USDC,5/22/2021,0.9987,1.03,0.9985,0.9992,265374874.0
USDC,5/23/2021,0.9992,1.0198,0.9975,0.9987,421619835.3
USDC,5/24/2021,0.9987,0.9993,0.9977,0.9989,312955043.1
USDC,5/25/2021,0.9989,0.9991,0.998,0.9988,196074187.4
USDC,5/26/2021,0.9988,0.9993,0.9983,0.9988,155886649.6
USDC,5/27/2021,0.9988,0.9993,0.9984,0.9991,108635701.0
USDC,5/28/2021,0.9991,0.9999,0.9988,0.9995,184524625.1
USDC,5/29/2021,0.9994,1.0,0.9991,0.9995,139086550.1
USDC,5/30/2021,0.9995,1.0001,0.9988,0.9994,166205361.9
USDC,5/31/2021,0.9994,1.0,0.9989,0.9999,153026557.0
USDC,6/1/2021,0.9998,1.0003,0.9991,1.0,119284978.0
USDC,6/2/2021,1.0,1.002,0.9996,1.0,106343653.9
USDC,6/3/2021,1.0,1.0002,0.9995,0.9998,108206243.9
USDC,6/4/2021,0.9999,1.0002,0.9992,0.9994,158304520.5
USDC,6/5/2021,0.9994,1.0002,0.9993,0.9998,85434531.84
USDC,6/6/2021,0.9997,1.0002,0.9993,0.9999,69066339.97
USDC,6/7/2021,0.9998,1.0002,0.9991,0.9999,130507224.4
USDC,6/8/2021,0.9999,1.0002,0.9992,0.9993,203506548.9
USDC,6/9/2021,0.9994,1.0,0.9991,0.9993,164166713.3
USDC,6/10/2021,0.9994,1.0,0.9993,0.9996,102867643.4
USDC,6/11/2021,0.9997,1.0003,0.9994,1.0002,102152315.6
USDC,6/12/2021,1.0001,1.0003,0.9996,1.0,97082203.74
USDC,6/13/2021,0.9999,1.0003,0.9994,0.9999,94309559.75
USDC,6/14/2021,1.0,1.0004,0.9994,0.9999,131487977.8
USDC,6/15/2021,0.9998,1.001,0.9994,0.9999,143149400.4
USDC,6/16/2021,1.0,1.001,0.9995,1.0003,120548178.9
USDC,6/17/2021,1.0003,1.0009,0.9996,1.0,113196136.5
USDC,6/18/2021,1.0001,1.0002,0.9994,0.9997,106503931.0
USDC,6/19/2021,0.9996,1.0001,0.9992,0.9999,106891130.3
USDC,6/20/2021,0.9999,1.0008,0.9997,1.0001,121128561.3
USDC,6/21/2021,1.0001,1.0008,0.9991,1.0,272535973.6
USDC,6/22/2021,1.0,1.001,0.9997,0.9998,255819249.5
USDC,6/23/2021,0.9998,1.0,0.9993,0.9998,131264331.2
USDC,6/24/2021,0.9998,1.0009,0.9997,1.0002,97684989.96
USDC,6/25/2021,1.0002,1.001,0.9999,1.0,103698169.5
USDC,6/26/2021,1.0,1.0004,0.9997,1.0002,111310242.3
USDC,6/27/2021,1.0002,1.0003,0.9996,1.0,85831416.02
USDC,6/28/2021,0.9999,1.0002,0.9994,0.9999,121087442.2
USDC,6/29/2021,0.9999,1.0003,0.9993,0.9999,161669966.1
USDC,6/30/2021,1.0,1.0006,0.9993,0.9999,134613215.6
USDC,7/1/2021,0.9999,1.0009,0.9997,0.9999,108727306.6
USDC,7/2/2021,0.9999,1.0007,0.9999,0.9999,95624693.08
USDC,7/3/2021,1.0,1.0002,0.9997,1.0,76704548.98
USDC,7/4/2021,0.9999,1.0003,0.9995,1.0001,64247355.83
USDC,7/5/2021,1.0001,1.0007,0.9995,0.9999,104516045.7
USDC,7/6/2021,0.9998,1.001,0.9994,1.0002,122857635.7
USDC,7/7/2021,1.0002,1.001,0.9993,0.9997,120238188.6
USDC,7/8/2021,0.9998,1.002,0.9997,1.0001,101277616.6
USDC,7/9/2021,1.0,1.0007,0.9997,1.0001,83814903.33
USDC,7/10/2021,1.0001,1.001,0.9999,1.0001,55903988.45
USDC,7/11/2021,1.0001,1.002,0.9999,1.0,50610647.71
USDC,7/12/2021,1.0,1.0003,0.9997,1.0,102596633.4
USDC,7/13/2021,1.0,1.0005,0.9998,1.0002,93422136.99
USDC,7/14/2021,1.0002,1.0015,0.9998,0.9999,90154154.33
USDC,7/15/2021,0.9999,1.001,0.9997,1.0002,82974955.49
USDC,7/16/2021,1.0002,1.0002,0.9998,0.9999,103425527.1
USDC,7/17/2021,1.0,1.0001,0.9998,1.0,69837434.65
USDC,7/18/2021,0.9999,1.0002,0.9998,1.0,80572632.27
USDC,7/19/2021,1.0,1.0009,0.9999,1.0003,126073897.4
USDC,7/20/2021,1.0002,1.0005,0.9999,1.0,147599226.1
USDC,7/21/2021,1.0,1.0002,0.9996,1.0,138305785.6
USDC,7/22/2021,1.0,1.0003,0.9998,1.0001,90843402.5
USDC,7/23/2021,1.0,1.0001,0.9994,0.9996,115486022.9
USDC,7/24/2021,0.9997,1.0,0.9993,0.9994,84626160.02
USDC,7/25/2021,0.9994,0.9998,0.9993,0.9994,51667435.54
USDC,7/26/2021,0.9994,1.001,0.9964,0.9998,333785618.4
USDC,7/27/2021,0.9999,1.0004,0.9993,0.9998,217959384.9
USDC,7/28/2021,0.9998,1.0001,0.9996,0.9998,216267938.8
USDC,7/29/2021,0.9998,1.0006,0.9997,0.9998,191342759.1
USDC,7/30/2021,0.9998,1.0004,0.9995,0.9996,149799868.1
USDC,7/31/2021,0.9996,0.9998,0.9993,0.9994,91098440.94
USDC,8/1/2021,0.9994,1.0,0.9992,0.9999,96187880.9
USDC,8/2/2021,0.9998,1.0,0.9996,0.9999,92262792.44
USDC,8/3/2021,0.9999,1.0002,0.9997,1.0,109118221.6
USDC,8/4/2021,0.9999,1.0003,0.9998,0.9999,118657796.6
USDC,8/5/2021,1.0,1.0003,0.9994,0.9996,112860288.6
USDC,8/6/2021,0.9996,0.9999,0.9993,0.9996,128147145.9
USDC,8/7/2021,0.9995,0.9996,0.9991,0.9993,150049459.0
USDC,8/8/2021,0.9994,0.9995,0.9991,0.9995,111504117.0
USDC,8/9/2021,0.9995,0.9999,0.9991,0.9998,137707240.3
USDC,8/10/2021,0.9998,0.9999,0.9995,0.9997,116022365.7
USDC,8/11/2021,0.9997,0.9998,0.9993,0.9994,141765992.1
USDC,8/12/2021,0.9994,0.9999,0.9994,0.9997,128437033.1
USDC,8/13/2021,0.9996,0.9997,0.9992,0.9994,90862175.88
USDC,8/14/2021,0.9994,0.9995,0.9992,0.9994,82449119.52
USDC,8/15/2021,0.9993,0.9994,0.9992,0.9992,86440343.15
USDC,8/16/2021,0.9992,0.9999,0.9992,0.9998,112878438.5
USDC,8/17/2021,0.9998,1.0003,0.9996,1.0001,141569851.3
USDC,8/18/2021,1.0001,1.0002,0.9996,0.9997,98451628.86
USDC,8/19/2021,0.9997,1.0002,0.9997,1.0,96930221.7
USDC,8/20/2021,0.9999,1.0002,0.9998,0.9999,128138901.0
USDC,8/21/2021,0.9998,0.9999,0.9991,0.9992,87721688.98
USDC,8/22/2021,0.9991,0.9994,0.9991,0.9993,72410173.62
USDC,8/23/2021,0.9994,0.9999,0.9993,0.9998,139401259.6
USDC,8/24/2021,0.9999,1.0001,0.9995,0.9999,130028683.0
USDC,8/25/2021,0.9998,1.0,0.9998,0.9999,100030992.6
USDC,8/26/2021,0.9999,1.0001,0.9998,0.9998,111646474.0
USDC,8/27/2021,0.9999,1.0,0.9994,0.9995,122489033.0
USDC,8/28/2021,0.9995,0.9995,0.9994,0.9995,64163450.0
USDC,8/29/2021,0.9995,0.9996,0.9994,0.9994,70978420.0
USDC,8/30/2021,0.9994,1.0,0.9994,0.9998,145930043.0
USDC,8/31/2021,0.9999,1.0,0.9997,0.9997,153333790.0
USDC,9/1/2021,0.9998,0.9998,0.9992,0.9995,151124988.0
USDC,9/2/2021,0.9995,0.9996,0.9994,0.9995,120864006.0
USDC,9/3/2021,0.9996,0.9998,0.9995,0.9996,164164766.0
USDC,9/4/2021,0.9996,0.9997,0.9995,0.9996,84205953.0
USDC,9/5/2021,0.9996,0.9996,0.9991,0.9993,106104522.0
USDC,9/6/2021,0.9994,0.9998,0.9993,0.9997,121793695.0
USDC,9/7/2021,0.9997,1.0001,0.9988,0.9995,308072330.1
USDC,9/8/2021,0.9996,1.0002,0.9995,1.0,195010261.0
USDC,9/9/2021,0.9999,1.0001,0.9998,0.9998,163231744.0
USDC,9/10/2021,0.9999,1.0003,0.9998,1.0,188537168.0
USDC,9/11/2021,0.9999,1.0001,0.9998,0.9999,92426776.0
USDC,9/12/2021,0.9999,1.0,0.9998,1.0,90729607.0
USDC,9/13/2021,1.0,1.0001,0.9997,0.9998,149742024.0
USDC,9/14/2021,0.9999,1.0,0.9997,0.9997,133415998.0
USDC,9/15/2021,0.9998,0.9999,0.9995,0.9998,174759209.0
USDC,9/16/2021,0.9997,0.9999,0.9995,0.9997,172828825.0
USDC,9/17/2021,0.9997,1.0001,0.9997,1.0,109736618.0
USDC,9/18/2021,1.0001,1.0001,0.9996,0.9999,146557996.0
USDC,9/19/2021,0.9999,1.0001,0.9998,1.0,110217216.0
USDC,9/20/2021,1.0,1.0005,0.9999,1.0004,346229697.0
USDC,9/21/2021,1.0003,1.005,1.0,1.0002,259541793.0
USDC,9/22/2021,1.0002,1.0002,0.9993,0.9994,247931097.0
USDC,9/23/2021,0.9994,0.9997,0.9994,0.9995,146358733.0
USDC,9/24/2021,0.9994,0.9997,0.9992,0.9993,212395400.0
USDC,9/25/2021,0.9994,0.9997,0.9993,0.9994,180898213.0
USDC,9/26/2021,0.9995,1.0001,0.9994,0.9995,310746128.0
USDC,9/27/2021,0.9996,1.0002,0.9995,0.9998,147914935.0
USDC,9/28/2021,0.9999,1.002,0.9998,1.0,227361962.0
USDC,9/29/2021,1.0,1.0004,0.9999,1.0002,116888638.0
USDC,9/30/2021,1.0001,1.0002,1.0,1.0001,116612589.0
USDC,10/1/2021,1.0,1.0001,0.9994,0.9995,155481530.0
USDC,10/2/2021,0.9995,0.9996,0.9993,0.9994,129559643.0
USDC,10/3/2021,0.9995,0.9996,0.9993,0.9995,107528132.0
USDC,10/4/2021,0.9995,0.9997,0.9994,0.9996,98211193.0
USDC,10/5/2021,0.9997,1.0001,0.9993,0.9993,187984033.0
USDC,10/6/2021,0.9993,0.9999,0.9993,0.9996,159575911.0
USDC,10/7/2021,0.9996,1.0,0.9994,0.9997,196487283.0
USDC,10/8/2021,0.9998,0.9999,0.9996,0.9999,154010421.0
USDC,10/9/2021,0.9998,0.9999,0.9997,0.9998,85806855.0
USDC,10/10/2021,0.9998,0.9999,0.9995,0.9997,108666407.0
USDC,10/11/2021,0.9996,0.9999,0.9996,0.9999,129181826.0
USDC,10/12/2021,0.9998,1.0,0.9996,1.0,155545596.0
USDC,10/13/2021,1.0,1.0003,0.9999,1.0002,178084882.0
USDC,10/14/2021,1.0001,1.0002,0.9998,0.9999,146138633.0
USDC,10/15/2021,0.9998,1.0195,0.9998,1.0003,219580546.0
USDC,10/16/2021,1.0004,1.0004,0.9999,1.0,111956361.0
USDC,10/17/2021,0.9999,1.0002,0.9999,1.0002,93380056.0
USDC,10/18/2021,1.0002,1.0006,0.9998,1.0,170318311.0
USDC,10/19/2021,0.9999,1.01,0.9998,1.0,158779978.0
USDC,10/20/2021,0.9999,1.0001,0.9997,0.9997,178517231.0
USDC,10/21/2021,0.9997,1.0003,0.9996,1.0002,235365894.0
USDC,10/22/2021,1.0001,1.0004,0.9999,1.0004,169272216.0
USDC,10/23/2021,1.0003,1.0004,1.0,1.0002,115429550.0
USDC,10/24/2021,1.0001,1.0004,1.0,1.0001,95047481.0
USDC,10/25/2021,1.0001,1.0003,1.0001,1.0003,100639815.0
USDC,10/26/2021,1.0003,1.0008,0.9993,0.9998,210105819.0
USDC,10/27/2021,0.9997,1.0,0.9976,0.9994,293016844.0
USDC,10/28/2021,0.9994,0.9997,0.999,0.9995,297686109.0
USDC,10/29/2021,0.9995,1.0,0.9994,1.0,146553258.0
USDC,10/30/2021,1.0,1.0,0.9994,0.9995,108122689.0
USDC,10/31/2021,0.9996,0.9996,0.9993,0.9994,105771493.0
USDC,11/1/2021,0.9995,1.005,0.9989,0.9994,192215615.0
USDC,11/2/2021,0.9994,0.9996,0.9991,0.9992,152858036.0
USDC,11/3/2021,0.9992,0.9998,0.9991,0.9995,183013819.0
USDC,11/4/2021,0.9995,0.9997,0.9992,0.9992,159275885.0
USDC,11/5/2021,0.9993,0.9994,0.9991,0.9992,112566140.0
USDC,11/6/2021,0.9992,0.9993,0.999,0.9993,86557756.0
USDC,11/7/2021,0.9992,0.9994,0.9992,0.9993,127879991.0
USDC,11/8/2021,0.9993,0.9995,0.999,0.9994,205567220.0
USDC,11/9/2021,0.9994,1.0001,0.999,1.0001,182710554.0
USDC,11/10/2021,1.0001,1.0004,0.9994,0.9997,209589354.0
USDC,11/11/2021,0.9997,0.9998,0.9992,0.9994,152968551.0
USDC,11/12/2021,0.9994,1.0001,0.9994,1.0,136692719.0
USDC,11/13/2021,0.9999,1.0001,0.9998,0.9998,84553770.0
USDC,11/14/2021,0.9999,0.9999,0.9997,0.9997,66520594.0
USDC,11/15/2021,0.9998,1.0002,0.9996,0.9997,150047432.0
USDC,11/16/2021,0.9997,1.0,0.9992,0.9996,195857427.0
USDC,11/17/2021,0.9996,0.9997,0.9994,0.9996,141676444.0
USDC,11/18/2021,0.9996,0.9997,0.9989,0.9995,190988250.0
USDC,11/19/2021,0.9995,0.9996,0.9989,0.9992,136559987.0
USDC,11/20/2021,0.9991,0.9998,0.9991,0.9995,136872926.0
USDC,11/21/2021,0.9995,0.9997,0.9992,0.9993,122046446.0
USDC,11/22/2021,0.9993,0.9997,0.9991,0.9994,151308611.0
USDC,11/23/2021,0.9994,1.0003,0.9994,1.0,199212702.0
USDC,11/24/2021,0.9999,1.0005,0.9994,0.9998,212251182.0
USDC,11/25/2021,0.9997,0.9999,0.9991,0.9995,159175678.0
USDC,11/26/2021,0.9995,0.9996,0.9989,0.9994,216803664.0
USDC,11/27/2021,0.9994,0.9996,0.9992,0.9995,96715026.0
USDC,11/28/2021,0.9995,1.0001,0.9993,0.9994,113098757.0
USDC,11/29/2021,0.9994,0.9998,0.9991,0.9992,224766512.0
USDC,11/30/2021,0.9992,0.9995,0.9991,0.9992,156592403.0
USDC,12/1/2021,0.9991,0.9997,0.999,0.9997,179000089.0
USDC,12/2/2021,0.9996,0.9997,0.9991,0.9993,125506382.0
USDC,12/3/2021,0.9993,0.9997,0.9986,0.9995,169903584.0
USDC,12/4/2021,0.9994,0.9996,0.2,0.9989,348224972.6
USDC,12/5/2021,0.9988,0.9991,0.9983,0.999,117488997.0
USDC,12/6/2021,0.999,0.9997,0.9988,0.9989,238978403.0
USDC,12/7/2021,0.9989,0.9993,0.9989,0.9991,159517595.0
USDC,12/8/2021,0.9991,0.9992,0.999,0.9992,130078882.0
USDC,12/9/2021,0.9992,0.9997,0.999,0.9996,142048173.0
USDC,12/10/2021,0.9996,1.0,0.9996,0.9996,183257439.0
USDC,12/11/2021,0.9997,0.9999,0.9995,0.9995,105601309.0
USDC,12/12/2021,0.9996,0.9997,0.9995,0.9995,78898621.0
USDC,12/13/2021,0.9995,1.0001,0.9994,1.0,166779092.0
USDC,12/14/2021,1.0,1.0,0.9993,0.9994,149572582.0
USDC,12/15/2021,0.9995,0.9998,0.9994,0.9997,147665868.0
USDC,12/16/2021,0.9997,0.9999,0.9994,0.9998,133861060.0
USDC,12/17/2021,0.9998,0.9999,0.9997,0.9997,114355828.0
USDC,12/18/2021,0.9997,0.9999,0.9996,0.9998,73012254.0
USDC,12/19/2021,0.9998,0.9999,0.9996,0.9998,63252610.0
USDC,12/20/2021,0.9998,0.9999,0.9996,0.9999,106136562.0
USDC,12/21/2021,0.9999,0.9999,0.9994,0.9996,105296764.0
USDC,12/22/2021,0.9995,0.9997,0.9995,0.9995,108648691.0
USDC,12/23/2021,0.9995,0.9997,0.9993,0.9996,115582109.0
USDC,12/24/2021,0.9997,0.9997,0.9994,0.9994,77900872.0
USDC,12/25/2021,0.9994,0.9995,0.9992,0.9993,54471467.0
USDC,12/26/2021,0.9994,0.9994,0.9992,0.9993,63255953.0
USDC,12/27/2021,0.9993,0.9996,0.9992,0.9995,77068654.0
USDC,12/28/2021,0.9995,1.0,0.9994,0.9998,115952840.0
USDC,12/29/2021,0.9998,1.0001,0.9997,1.0,98309653.0
USDC,12/30/2021,0.9999,1.0,0.9996,0.9997,123097269.0
USDC,12/31/2021,0.9997,1.0002,0.9997,0.9999,92938464.0
USDC,1/1/2022,0.9999,1.0,0.9998,0.9998,54253517.0
USDC,1/2/2022,0.9999,0.9999,0.9998,0.9998,39907523.0
USDC,1/3/2022,0.9999,1.0004,0.9998,1.0002,91504893.0
USDC,1/4/2022,1.0002,1.0003,1.0,1.0002,125554114.0
USDC,1/5/2022,1.0002,1.0002,1.0,1.0,137208107.0
USDC,1/6/2022,1.0001,1.0006,1.0,1.0001,146828035.0
USDC,1/7/2022,1.0001,1.0006,1.0,1.0002,171315613.0
USDC,1/8/2022,1.0003,1.0005,1.0,1.0002,124021655.0
USDC,1/9/2022,1.0002,1.0003,1.0,1.0001,96865070.0
USDC,1/10/2022,1.0001,1.0002,1.0,1.0,102663666.0
USDC,1/11/2022,1.0001,1.0001,0.9993,0.9995,131906327.0
USDC,1/12/2022,0.9994,0.9996,0.9994,0.9995,137971047.0
USDC,1/13/2022,0.9996,0.9996,0.9992,0.9995,116797443.0
USDC,1/14/2022,0.9995,1.0,0.9994,0.9996,103527568.0
USDC,1/15/2022,0.9996,0.9998,0.9995,0.9995,72403097.0
USDC,1/16/2022,0.9995,0.9998,0.9994,0.9997,58881115.0
USDC,1/17/2022,0.9996,0.9999,0.9996,0.9999,86547825.0
USDC,1/18/2022,0.9998,1.0,0.9997,0.9997,110507152.0
USDC,1/19/2022,0.9998,1.0,0.9997,0.9998,104302837.0
USDC,1/20/2022,0.9998,1.0006,0.9998,0.9999,158941958.0
USDC,1/21/2022,0.9999,1.0003,0.9996,1.0,201946329.0
USDC,1/22/2022,1.0001,1.0002,0.9996,1.0001,199607812.0
USDC,1/23/2022,1.0,1.0001,0.9999,0.9999,108945803.0
USDC,1/24/2022,0.9999,1.0001,0.9995,0.9997,217842355.0
USDC,1/25/2022,0.9997,0.9999,0.9993,0.9994,131259955.0
USDC,1/26/2022,0.9995,0.9998,0.9992,0.9993,145674094.0
USDC,1/27/2022,0.9994,1.0,0.9993,0.9999,123703927.0
USDC,1/28/2022,0.9999,1.0,0.9996,0.9999,177094772.0
USDC,1/29/2022,0.9999,1.0,0.9997,0.9997,72462737.0
USDC,1/30/2022,0.9997,0.9998,0.9997,0.9997,55064999.0
USDC,1/31/2022,0.9997,0.9998,0.9997,0.9998,84708694.0
USDC,2/1/2022,0.9997,0.9998,0.9994,0.9995,83018546.0
USDC,2/2/2022,0.9995,0.9997,0.9995,0.9995,93864633.0
USDC,2/3/2022,0.9996,0.9997,0.9994,0.9995,94786844.0
USDC,2/4/2022,0.9995,0.9996,0.9992,0.9995,107812893.0
USDC,2/5/2022,0.9995,0.9996,0.999,0.9992,84856007.0
USDC,2/6/2022,0.9993,0.9996,0.9992,0.9995,65683520.0
USDC,2/7/2022,0.9996,0.9996,0.9992,0.9994,116542259.0
USDC,2/8/2022,0.9994,0.9995,0.9991,0.9993,129132793.0
USDC,2/9/2022,0.9994,0.9995,0.9992,0.9994,143685085.0
USDC,2/10/2022,0.9994,0.9996,0.9991,0.9994,156916413.0
USDC,2/11/2022,0.9994,0.9995,0.9993,0.9993,91476576.0
USDC,2/12/2022,0.9994,0.9995,0.9993,0.9995,59458837.0
USDC,2/13/2022,0.9995,0.9995,0.9994,0.9994,49968275.0
USDC,2/14/2022,0.9995,0.9997,0.9994,0.9996,74111285.0
USDC,2/15/2022,0.9997,0.9997,0.9991,0.9994,106438664.0
USDC,2/16/2022,0.9993,0.9996,0.9993,0.9995,87748737.0
USDC,2/17/2022,0.9996,0.9996,0.9994,0.9995,93626010.0
USDC,2/18/2022,0.9994,0.9996,0.9994,0.9995,84313297.0
USDC,2/19/2022,0.9995,0.9997,0.9994,0.9997,49913016.0
USDC,2/20/2022,0.9997,0.9997,0.9996,0.9996,64141695.0
USDC,2/21/2022,0.9997,0.9997,0.9993,0.9994,166586498.0
USDC,2/22/2022,0.9994,0.9997,0.9994,0.9995,125471788.0
USDC,2/23/2022,0.9995,0.9996,0.9993,0.9994,128211814.0
USDC,2/24/2022,0.9995,0.9998,0.9993,0.9996,293439750.0
USDC,2/25/2022,0.9995,0.9999,0.9992,0.9997,185271078.0
USDC,2/26/2022,0.9996,0.9997,0.9995,0.9995,77646138.0
USDC,2/27/2022,0.9996,0.9997,0.9994,0.9996,122112863.0
USDC,2/28/2022,0.9996,0.9998,0.9995,0.9997,160610280.0
USDC,3/1/2022,0.9997,0.9999,0.9995,0.9997,250243557.0
USDC,3/2/2022,0.9996,0.9998,0.9995,0.9997,207648660.0
USDC,3/3/2022,0.9996,1.0001,0.9996,1.0,131213574.0
USDC,3/4/2022,1.0,1.0001,0.9997,0.9998,165196602.0
USDC,3/5/2022,0.9998,0.9999,0.9998,0.9998,69484655.0
USDC,3/6/2022,0.9999,0.9999,0.9998,0.9999,85123797.0
USDC,3/7/2022,0.9998,1.0,0.9998,0.9999,178881629.0
USDC,3/8/2022,0.9998,1.0,0.9998,0.9999,148957472.0
USDC,3/9/2022,0.9999,1.0,0.9997,0.9997,167227585.0
USDC,3/10/2022,0.9997,0.9998,0.9995,0.9996,180274641.0
USDC,3/11/2022,0.9995,1.0002,0.9995,0.9999,256068775.0
USDC,3/12/2022,1.0,1.0003,0.9999,1.0,185657672.0
USDC,3/13/2022,1.0,1.0,0.9997,0.9998,140268541.0
USDC,3/14/2022,0.9998,0.9999,0.9998,0.9998,135856970.0
USDC,3/15/2022,0.9998,0.9999,0.9996,0.9997,140324796.0
USDC,3/16/2022,0.9997,0.9998,0.9995,0.9995,190582958.0
USDC,3/17/2022,0.9996,0.9997,0.9995,0.9995,148451607.0
USDC,3/18/2022,0.9995,0.9996,0.9993,0.9994,206984516.0
USDC,3/19/2022,0.9993,0.9995,0.9992,0.9994,160678761.0
USDC,3/20/2022,0.9994,0.9996,0.9992,0.9995,166388259.0
USDC,3/21/2022,0.9995,0.9997,0.9994,0.9997,175987372.0
USDC,3/22/2022,0.9996,0.9997,0.9993,0.9995,191773870.0
USDC,3/23/2022,0.9995,0.9998,0.9995,0.9996,229972765.0
USDC,3/24/2022,0.9995,0.9997,0.9991,0.9995,241881669.0
USDC,3/25/2022,0.9995,0.9996,0.9991,0.9996,201942376.0
USDC,3/26/2022,0.9996,0.9997,0.9994,0.9995,106779847.0
USDC,3/27/2022,0.9995,0.9997,0.9995,0.9997,145317746.0
USDC,3/28/2022,0.9996,0.9999,0.9994,0.9995,269891209.0
USDC,3/29/2022,0.9995,0.9997,0.9995,0.9996,190061686.0
USDC,3/30/2022,0.9996,1.0,0.9995,0.9997,220270630.0
USDC,3/31/2022,0.9997,0.9999,0.9995,0.9998,231219270.0
USDC,4/1/2022,0.9997,0.9998,0.9995,0.9997,199998066.0
USDC,4/2/2022,0.9996,0.9998,0.9996,0.9997,139799360.0
USDC,4/3/2022,0.9997,0.9998,0.9996,0.9997,127597200.0
USDC,4/4/2022,0.9998,1.0,0.9997,0.9998,190334582.0
USDC,4/5/2022,0.9998,0.9999,0.9997,0.9999,200385668.0
USDC,4/6/2022,0.9999,1.0001,0.9996,0.9999,284721222.0
USDC,4/7/2022,0.9999,1.0,0.9998,0.9999,190747115.0
USDC,4/8/2022,0.9999,1.0,0.9997,0.9998,208138059.0
USDC,4/9/2022,0.9998,0.9999,0.9997,0.9998,69648564.0
USDC,4/10/2022,0.9998,0.9998,0.9996,0.9998,94332432.0
USDC,4/11/2022,0.9998,0.9999,0.9997,0.9999,166981873.0
USDC,4/12/2022,0.9999,0.9999,0.9997,0.9998,155273460.0
USDC,4/13/2022,0.9998,0.9999,0.9998,0.9999,114946709.0
USDC,4/14/2022,0.9999,1.0,0.9997,1.0,121438291.0
USDC,4/15/2022,0.9999,1.0,0.9997,0.9998,139782697.0
USDC,4/16/2022,0.9998,0.9999,0.9997,0.9999,76448146.0
USDC,4/17/2022,0.9999,0.9999,0.9996,0.9998,122017717.0
USDC,4/18/2022,0.9998,1.0,0.9996,0.9999,209638306.0
USDC,4/19/2022,0.9999,1.0,0.9997,0.9997,151912860.0
USDC,4/20/2022,0.9998,1.0,0.9996,0.9998,244260388.0
USDC,4/21/2022,0.9998,0.9999,0.9996,0.9999,215430809.0
USDC,4/22/2022,0.9999,1.0,0.9996,0.9999,189158944.0
USDC,4/23/2022,0.9999,1.0,0.9998,0.9998,62546804.0
USDC,4/24/2022,0.9998,0.9999,0.9996,0.9998,124452629.0
USDC,4/25/2022,0.9998,1.0,0.9997,0.9999,186503500.0
USDC,4/26/2022,0.9999,1.0001,0.9999,1.0,137630278.0
USDC,4/27/2022,1.0001,1.0001,0.9999,1.0,115914943.0
USDC,4/28/2022,1.0,1.0,0.9998,1.0,215119483.0
USDC,4/29/2022,1.0,1.0002,0.9999,1.0001,193784168.0
USDC,4/30/2022,1.0002,1.0002,0.9997,0.9998,132681160.0
USDC,5/1/2022,0.9998,1.0,0.9996,1.0,176011806.0
USDC,5/2/2022,1.0,1.0002,0.9999,1.0001,144888059.0
USDC,5/3/2022,1.0001,1.0003,1.0,1.0001,208014566.0
USDC,5/4/2022,1.0002,1.0002,1.0001,1.0002,125014399.0
USDC,5/5/2022,1.0002,1.0002,1.0001,1.0001,198778687.0
USDC,5/6/2022,1.0002,1.0003,1.0001,1.0002,214395062.0
USDC,5/7/2022,1.0003,1.0004,1.0002,1.0003,161953093.0
USDC,5/8/2022,1.0003,1.0006,1.0002,1.0003,332814715.0
USDC,5/9/2022,1.0004,1.0004,0.9999,1.0002,654296308.0
USDC,5/10/2022,1.0002,1.0006,0.9999,1.0003,694705034.0
USDC,5/11/2022,1.0004,3.99,1.0002,1.006,1819936381.0
USDC,5/12/2022,1.006,1.1383,1.002,1.003,2498019174.0
USDC,5/13/2022,1.0029,1.006,1.0009,1.0018,830671060.0
USDC,5/14/2022,1.0019,1.0024,1.001,1.0014,546469255.0
USDC,5/15/2022,1.0014,1.0018,1.001,1.0012,264543207.0
USDC,5/16/2022,1.0011,1.0019,1.0007,1.0013,392021858.0
USDC,5/17/2022,1.0014,1.0015,1.0011,1.0011,275488670.0
USDC,5/18/2022,1.0012,1.0016,1.001,1.0015,404938803.0
USDC,5/19/2022,1.0015,1.0017,1.0009,1.0011,603656004.0
USDC,5/20/2022,1.0012,1.0014,1.0006,1.0013,426882261.0
USDC,5/21/2022,1.0012,1.0015,1.0012,1.0014,154085932.0
USDC,5/22/2022,1.0013,1.0016,1.001,1.001,218582044.0
USDC,5/23/2022,1.001,1.0012,1.0008,1.0011,407289557.0
USDC,5/24/2022,1.0012,1.0013,1.001,1.0011,227450495.0
USDC,5/25/2022,1.0011,1.0013,1.001,1.001,228221738.0
USDC,5/26/2022,1.001,1.0014,1.001,1.0012,438174187.0
USDC,5/27/2022,1.0012,1.0013,1.001,1.0013,333404208.0
USDC,5/28/2022,1.0013,1.0013,1.001,1.0011,190224948.0
USDC,5/29/2022,1.0011,1.0012,1.0009,1.001,148829313.0
USDC,5/30/2022,1.001,1.0011,1.0005,1.0008,336531173.0
USDC,5/31/2022,1.0007,1.0009,1.0006,1.0008,292623767.0
USDC,6/1/2022,1.0008,1.0012,1.0007,1.0009,357159138.0
USDC,6/2/2022,1.0009,1.0011,1.0007,1.0007,226554771.0
USDC,6/3/2022,1.0008,1.0011,1.0007,1.001,190358813.0
USDC,6/4/2022,1.001,1.0011,1.0008,1.0009,114920277.0
USDC,6/5/2022,1.0009,1.001,1.0008,1.0009,109237625.0
USDC,6/6/2022,1.0009,1.001,1.0007,1.0009,220854875.0
USDC,6/7/2022,1.0008,1.0011,1.0005,1.0007,376464124.0
USDC,6/8/2022,1.0007,1.0008,1.0004,1.0008,239198983.0
USDC,6/9/2022,1.0007,1.0009,1.0006,1.0009,182441578.0
USDC,6/10/2022,1.0009,1.0011,1.0008,1.0011,186004485.0
USDC,6/11/2022,1.0011,1.0013,1.001,1.0012,226945216.0
USDC,6/12/2022,1.0012,1.0015,1.0011,1.0012,421084512.0
USDC,6/13/2022,1.0012,1.0036,1.0011,1.0015,1232069753.0
USDC,6/14/2022,1.0015,1.0016,1.0011,1.0011,500295487.0
USDC,6/15/2022,1.0012,1.0021,1.0011,1.0012,989468430.0
USDC,6/16/2022,1.0012,1.0017,1.0011,1.0013,375419682.0
USDC,6/17/2022,1.0013,1.0015,1.0012,1.0012,370664218.0
USDC,6/18/2022,1.0013,1.0019,1.0012,1.0016,587515225.0
USDC,6/19/2022,1.0015,1.0018,1.0012,1.0013,349783079.0
USDC,6/20/2022,1.0013,1.0016,1.0011,1.0012,376565651.0
USDC,6/21/2022,1.0012,1.0013,1.001,1.0012,302646953.0
USDC,6/22/2022,1.0012,1.0012,1.0011,1.0011,211179798.0
USDC,6/23/2022,1.0012,1.0012,1.0008,1.0009,299454542.0
USDC,6/24/2022,1.001,1.001,1.0006,1.0008,440390348.0
USDC,6/25/2022,1.0008,1.0008,1.0006,1.0007,166813882.0
USDC,6/26/2022,1.0007,1.0008,1.0006,1.0006,142146764.0
USDC,6/27/2022,1.0007,1.0012,1.0006,1.001,410156842.0
USDC,6/28/2022,1.001,1.0016,1.001,1.0013,458747600.0
USDC,6/29/2022,1.0013,1.0016,1.0011,1.0012,449225121.0
USDC,6/30/2022,1.0012,1.0015,1.0011,1.0013,361750144.0
USDC,7/1/2022,1.0013,1.0014,1.0011,1.0012,222307555.0
USDC,7/2/2022,1.0013,1.0013,1.0011,1.0013,116149676.0
USDC,7/3/2022,1.0012,1.0013,1.0011,1.0012,102068009.0
USDC,7/4/2022,1.0012,1.0012,1.001,1.0011,204491114.0
USDC,7/5/2022,1.0012,1.0013,1.001,1.0011,227639713.0
USDC,7/6/2022,1.001,1.0011,1.001,1.001,175634098.0
USDC,7/7/2022,1.0011,1.0011,1.0006,1.0006,189676355.0
USDC,7/8/2022,1.0007,1.0009,1.0005,1.0007,269006448.0
USDC,7/9/2022,1.0007,1.0008,1.0005,1.0006,115672648.0
USDC,7/10/2022,1.0005,1.0007,1.0005,1.0007,116830911.0
USDC,7/11/2022,1.0007,1.0011,1.0006,1.0008,344951787.0
USDC,7/12/2022,1.0009,1.0011,1.0008,1.001,193759860.0
USDC,7/13/2022,1.001,1.0011,1.0008,1.0008,200409345.0
USDC,7/14/2022,1.0008,1.0009,1.0006,1.0008,237826454.0
USDC,7/15/2022,1.0008,1.0008,1.0003,1.0003,278067152.0
USDC,7/16/2022,1.0003,1.0004,1.0,1.0002,266885646.0
USDC,7/17/2022,1.0002,1.0005,1.0,1.0004,592489008.0
USDC,7/18/2022,1.0003,1.0006,1.0,1.0003,1073247339.0
USDC,7/19/2022,1.0002,1.0004,0.9997,0.9999,591218641.0
USDC,7/20/2022,1.0,1.0001,0.9997,1.0,362865252.0
USDC,7/21/2022,1.0,1.0002,0.9998,0.9999,283722799.0
USDC,7/22/2022,1.0,1.0,0.9998,0.9999,191917933.0
USDC,7/23/2022,0.9999,1.0001,0.9998,1.0,157257747.0
USDC,7/24/2022,1.0,1.0001,0.9999,0.9999,99421687.0
USDC,7/25/2022,1.0,1.0,0.9998,0.9999,150802462.0
USDC,7/26/2022,1.0,1.0003,0.9999,0.9999,257488893.0
USDC,7/27/2022,1.0,1.0001,0.9996,0.9996,252711596.0
USDC,7/28/2022,0.9996,0.9999,0.9994,0.9997,277435407.0
USDC,7/29/2022,0.9998,0.9998,0.9995,0.9996,252984823.0
USDC,7/30/2022,0.9997,0.9998,0.9996,0.9998,165002504.0
USDC,7/31/2022,0.9998,0.9999,0.9996,0.9996,398243255.0
USDC,8/1/2022,0.9996,1.0,0.9996,0.9997,379452045.0
USDC,8/2/2022,0.9997,0.9999,0.9996,0.9999,205062483.0
USDC,8/3/2022,0.9998,0.9999,0.9997,0.9998,170232230.0
USDC,8/4/2022,0.9999,1.0002,0.9997,0.9999,324756685.0
USDC,8/5/2022,1.0,1.0001,0.9998,1.0,215455585.0
USDC,8/6/2022,0.9999,1.0,0.9998,0.9998,127660432.0
USDC,8/7/2022,0.9999,0.9999,0.9998,0.9999,52029183.0
USDC,8/8/2022,0.9998,0.9999,0.9997,0.9998,135352571.0
USDC,8/9/2022,0.9999,0.9999,0.9997,0.9998,166949038.0
USDC,8/10/2022,0.9998,0.9999,0.9991,0.9997,399081734.0
USDC,8/11/2022,0.9997,1.0,0.9993,0.9996,500007653.0
USDC,8/12/2022,0.9996,0.9999,0.9995,0.9996,353582381.0
USDC,8/13/2022,0.9996,0.9999,0.9994,0.9996,334946593.0
USDC,8/14/2022,0.9997,0.9998,0.9996,0.9997,156283305.0
USDC,8/15/2022,0.9997,1.0001,0.9996,0.9998,363693112.0
USDC,8/16/2022,0.9999,1.0001,0.9997,0.9999,266296756.0
USDC,8/17/2022,0.9999,1.0002,0.9998,0.9999,230484084.0
USDC,8/18/2022,1.0,1.0002,0.9999,1.0001,270753425.0
USDC,8/19/2022,1.0,1.0001,0.9998,1.0001,257088885.0
USDC,8/20/2022,1.0001,1.0003,0.9999,1.0,149097862.0
USDC,8/21/2022,1.0,1.0003,0.9999,1.0,389643204.0
USDC,8/22/2022,1.0001,1.0002,0.9999,1.0001,177675538.0
USDC,8/23/2022,1.0002,1.0002,1.0,1.0,130629507.0
USDC,8/24/2022,1.0,1.0001,0.9999,0.9999,220225802.0
USDC,8/25/2022,1.0,1.0001,0.9999,1.0,146393445.0
USDC,8/26/2022,1.0,1.0001,0.9999,1.0,157633145.0
USDC,8/27/2022,1.0,1.0002,0.9999,1.0001,140209355.0
USDC,8/28/2022,1.0001,1.0001,1.0,1.0001,76509455.0
USDC,8/29/2022,1.0001,1.0001,0.9999,1.0,166810716.0
USDC,8/30/2022,1.0,1.0001,0.9999,0.9999,160382330.0
USDC,8/31/2022,0.9999,1.0001,0.9999,1.0001,129372685.0
USDC,9/1/2022,1.0001,1.0001,0.9999,1.0,189867967.0
USDC,9/2/2022,1.0,1.0001,0.9999,0.9999,129264591.0
USDC,9/3/2022,0.9999,1.0,0.9999,0.9999,37903258.0
USDC,9/4/2022,1.0,1.0001,0.9999,0.9999,76007151.0
USDC,9/5/2022,0.9999,1.0001,0.9999,1.0001,136287022.0
USDC,9/6/2022,1.0001,1.0001,0.9999,1.0,198630933.0
USDC,9/7/2022,1.0,1.0001,0.9999,1.0,162674568.0
USDC,9/8/2022,0.9999,1.0001,0.9999,0.9999,148837511.0
USDC,9/9/2022,0.9999,1.0,0.9997,0.9997,225690330.0
USDC,9/10/2022,0.9998,1.0,0.9995,0.9997,214569824.0
USDC,9/11/2022,0.9997,0.9999,0.9996,0.9997,138003692.0
USDC,9/12/2022,0.9997,1.0,0.9997,0.9998,194902742.0
USDC,9/13/2022,0.9999,1.0001,0.9996,1.0,266325557.0
USDC,9/14/2022,1.0,1.0002,0.9998,0.9998,166880330.0
USDC,9/15/2022,0.9998,1.0003,0.9996,1.0001,486814854.0
USDC,9/16/2022,1.0001,1.0003,0.9999,1.0001,562787399.0
USDC,9/17/2022,1.0,1.0001,0.9998,0.9999,120465391.0
USDC,9/18/2022,0.9999,1.0001,0.9999,1.0,87334374.0
USDC,9/19/2022,1.0,1.0001,0.9997,0.9999,194208315.0
USDC,9/20/2022,0.9999,1.0,0.9998,0.9999,175024576.0
USDC,9/21/2022,0.9999,1.0,0.9999,0.9999,126462893.0
USDC,9/22/2022,0.9999,1.0003,0.9999,1.0,185356820.0
USDC,9/23/2022,1.0,1.0001,0.9999,1.0,91422453.0
USDC,9/24/2022,1.0,1.0001,0.9999,0.9999,118428039.0
USDC,9/25/2022,0.9999,1.0,0.9997,1.0,109374617.0
USDC,9/26/2022,1.0,1.0,0.9999,0.9999,5607880.0
USDC,3/11/2023,1.0,1.0,0.882,0.9592,616299408.0
USDC,3/12/2023,0.9593,0.9878,0.9323,0.9848,1058067483.0
USDC,3/13/2023,0.9848,0.9964,0.9835,0.9949,1036507986.0
USDC,3/14/2023,0.995,0.9969,0.9929,0.9961,937518041.0
USDC,3/15/2023,0.9961,0.998,0.9931,0.996,1081776463.0
USDC,3/16/2023,0.9961,0.999,0.9958,0.9975,948805169.0
USDC,3/17/2023,0.9975,0.9991,0.997,0.9977,1068606681.0
USDC,3/18/2023,0.9976,0.9978,0.9966,0.9971,419426325.0
USDC,3/19/2023,0.997,0.9975,0.9967,0.9969,277650525.0
USDC,3/20/2023,0.9969,0.9978,0.9957,0.9959,1368051446.0
USDC,3/21/2023,0.9959,0.9973,0.9958,0.9969,812714291.0
USDC,3/22/2023,0.997,0.9979,0.9966,0.9972,702913908.0
USDC,3/23/2023,0.9971,0.9983,0.9965,0.9979,784786439.0
USDC,3/24/2023,0.9978,0.9991,0.9978,0.9988,388517725.0
USDC,3/25/2023,0.9988,0.9992,0.9984,0.999,208967652.0
USDC,3/26/2023,0.9989,0.9993,0.9989,0.9991,137957870.0
USDC,3/27/2023,0.9991,0.9999,0.9989,0.9995,377732824.0
USDC,3/28/2023,0.9996,0.9999,0.9993,0.9997,310134717.0
USDC,3/29/2023,0.9996,0.9999,0.9995,0.9998,231069323.0
USDC,3/30/2023,0.9997,1.0001,0.9995,1.0,314586656.0
USDC,3/31/2023,1.0,1.0001,0.9995,0.9997,309005717.0
USDC,4/1/2023,0.9998,0.9998,0.9995,0.9997,103770958.0
USDC,4/2/2023,0.9996,0.9997,0.9992,0.9995,128437895.0
USDC,4/3/2023,0.9995,0.9999,0.9994,0.9997,358250196.0
USDC,4/4/2023,0.9998,0.9998,0.9993,0.9996,266884953.0
USDC,4/5/2023,0.9996,0.9999,0.9995,0.9997,189058207.0
USDC,4/6/2023,0.9998,0.9998,0.9993,0.9994,201375483.0
USDC,4/7/2023,0.9994,0.9996,0.9992,0.9993,148398678.0
USDC,4/8/2023,0.9992,0.9999,0.9992,0.9994,128576738.0
USDC,4/9/2023,0.9994,0.9995,0.9993,0.9993,69988769.0
USDC,4/10/2023,0.9994,0.9995,0.9991,0.9992,295287855.0
USDC,4/11/2023,0.9992,0.9994,0.9989,0.9989,457651188.0
USDC,4/12/2023,0.9989,0.9993,0.9988,0.9993,360528390.0
USDC,4/13/2023,0.9992,0.9993,0.9987,0.999,376306475.0
USDC,4/14/2023,0.999,0.9994,0.9987,0.999,400468888.0
USDC,4/15/2023,0.999,0.9993,0.999,0.9992,158614740.0
USDC,4/16/2023,0.9992,0.9994,0.999,0.9993,152996520.0
USDC,4/17/2023,0.9992,0.9995,0.999,0.9994,391023378.0
USDC,4/18/2023,0.9994,0.9998,0.9993,0.9996,407945864.0
USDC,4/19/2023,0.9997,0.9999,0.9994,0.9995,314656971.0
USDC,4/20/2023,0.9995,1.0,0.9993,0.9999,320888919.0
USDC,4/21/2023,0.9999,1.0004,0.9998,1.0001,309079288.0
USDC,4/22/2023,1.0001,1.0003,0.9998,1.0001,136614471.0
USDC,4/23/2023,1.0,1.0001,0.9997,1.0,123241711.0
USDC,4/24/2023,0.9999,1.0001,0.9997,1.0,198899683.0
USDC,4/25/2023,0.9999,1.0001,0.9997,1.0,225187872.0
USDC,4/26/2023,1.0,1.0001,0.9995,0.9997,355674902.0
USDC,4/27/2023,0.9996,0.9999,0.9995,0.9996,281928919.0
USDC,4/28/2023,0.9996,0.9999,0.9992,0.9992,266866016.0
USDC,4/29/2023,0.9992,0.9995,0.9992,0.9995,122050580.0
USDC,4/30/2023,0.9994,0.9996,0.9993,0.9995,151426915.0
USDC,5/1/2023,0.9995,1.0,0.9994,0.9997,378577099.0
USDC,5/2/2023,0.9997,1.0001,0.9994,0.9994,271219536.0
USDC,5/3/2023,0.9995,0.9999,0.9994,0.9998,307321334.0
USDC,5/4/2023,0.9998,0.9999,0.9995,0.9996,234047637.0
USDC,5/5/2023,0.9996,0.9998,0.9989,0.999,340810062.0
USDC,5/6/2023,0.999,0.9991,0.9982,0.9982,248901441.0
USDC,5/7/2023,0.9983,0.9991,0.9981,0.9986,153245461.0
USDC,5/8/2023,0.9987,0.9995,0.9983,0.9992,358086526.0
USDC,5/9/2023,0.9993,0.9996,0.9991,0.9994,253533554.0
USDC,5/10/2023,0.9995,0.9997,0.9993,0.9993,293602662.0
USDC,5/11/2023,0.9994,0.9996,0.9993,0.9995,246813875.0
USDC,5/12/2023,0.9995,0.9997,0.9994,0.9995,237460727.0
USDC,5/13/2023,0.9995,0.9997,0.9995,0.9996,67448610.0
USDC,5/14/2023,0.9995,0.9997,0.9995,0.9995,45280766.0
USDC,5/15/2023,0.9995,0.9998,0.9995,0.9997,254089026.0
USDC,5/16/2023,0.9997,0.9998,0.9995,0.9997,207079278.0
USDC,5/17/2023,0.9998,1.0,0.9996,0.9998,232960237.0
USDC,5/18/2023,0.9999,1.0,0.9998,0.9999,172174143.0
USDC,5/19/2023,0.9999,1.0,0.9997,0.9998,147384686.0
USDC,5/20/2023,0.9998,0.9998,0.9996,0.9997,45447164.0
USDC,5/21/2023,0.9996,0.9998,0.9995,0.9998,96837085.0
USDC,5/22/2023,0.9997,0.9999,0.9996,0.9997,256661242.0
USDC,5/23/2023,0.9998,1.0,0.9996,0.9998,247102539.0
USDC,5/24/2023,0.9999,1.0001,0.9997,1.0,213404056.0
USDC,5/25/2023,1.0001,1.0001,0.9999,1.0,152177400.0
USDC,5/26/2023,0.9999,1.0001,0.9996,0.9998,216113579.0
USDC,5/27/2023,0.9997,0.9998,0.9997,0.9997,79026068.0
USDC,5/28/2023,0.9997,1.0001,0.9997,0.9999,178948285.0
USDC,5/29/2023,0.9999,1.0,0.9996,0.9997,236429869.0
USDC,5/30/2023,0.9996,0.9998,0.9995,0.9997,267435180.0
USDC,5/31/2023,0.9997,1.0,0.9996,0.9999,253802297.0
USDC,6/1/2023,0.9998,1.0001,0.9998,0.9998,223477937.0
USDC,6/2/2023,0.9998,0.9999,0.9997,0.9998,213952354.0
USDC,6/3/2023,0.9998,0.9998,0.9996,0.9996,103627729.0
USDC,6/4/2023,0.9997,1.0,0.9996,0.9997,184875795.0
USDC,6/5/2023,0.9997,1.0,0.9996,0.9997,351512207.0
USDC,6/6/2023,0.9997,1.0,0.9996,0.9998,392174543.0
USDC,6/7/2023,0.9998,1.0,0.9997,0.9999,367759456.0
USDC,6/8/2023,0.9998,1.0003,0.9998,0.9999,231595647.0
USDC,6/9/2023,1.0,1.0003,0.9998,1.0,251095150.0
USDC,6/10/2023,1.0001,1.0014,0.9994,0.9995,402264334.0
USDC,6/11/2023,0.9995,0.9997,0.9994,0.9996,139102411.0
USDC,6/12/2023,0.9996,1.0001,0.9996,0.9999,327504119.0
USDC,6/13/2023,1.0,1.0004,0.9999,1.0001,323515917.0
USDC,6/14/2023,1.0002,1.0005,1.0,1.0001,280113601.0
USDC,6/15/2023,1.0002,1.0042,1.0001,1.0009,878278516.0
USDC,6/16/2023,1.0009,1.0019,1.0007,1.0007,426756803.0
USDC,6/17/2023,1.0007,1.001,1.0003,1.0004,226319055.0
USDC,6/18/2023,1.0004,1.0005,1.0001,1.0002,133778445.0
USDC,6/19/2023,1.0002,1.0006,1.0002,1.0002,253632848.0
USDC,6/20/2023,1.0002,1.0007,0.9998,0.9998,443281459.0
USDC,6/21/2023,0.9998,1.0003,0.9998,1.0,542756177.0
USDC,6/22/2023,1.0,1.0001,0.9997,0.9997,409354480.0
USDC,6/23/2023,0.9997,1.0001,0.9994,0.9994,428014017.0
USDC,6/24/2023,0.9995,0.9996,0.9993,0.9996,142518735.0
USDC,6/25/2023,0.9996,0.9998,0.9994,0.9997,158901823.0
USDC,6/26/2023,0.9996,1.0,0.9994,0.9998,328416141.0
USDC,6/27/2023,0.9999,1.0001,0.9998,0.9999,291715813.0
USDC,6/28/2023,0.9999,1.0002,0.9998,1.0001,316848930.0
USDC,6/29/2023,1.0001,1.0003,1.0,1.0001,274044529.0
USDC,6/30/2023,1.0002,1.0005,1.0001,1.0002,659624338.0
USDC,7/1/2023,1.0002,1.0004,1.0,1.0002,276555433.0
USDC,7/2/2023,1.0002,1.0002,0.9999,1.0001,147278455.0
USDC,7/3/2023,1.0,1.0001,0.9999,0.9999,305813484.0
USDC,7/4/2023,1.0,1.0,0.9997,0.9998,226391432.0
USDC,7/5/2023,0.9999,1.0,0.9998,1.0,287764638.0
USDC,7/6/2023,1.0,1.0002,0.9997,1.0,410450934.0
USDC,7/7/2023,1.0,1.0001,0.9999,0.9999,284907103.0
USDC,7/8/2023,0.9999,1.0,0.9998,0.9998,116390474.0
USDC,7/9/2023,0.9998,0.9999,0.9998,0.9999,104725735.0
USDC,7/10/2023,0.9999,1.0001,0.9998,0.9999,369833699.0
USDC,7/11/2023,0.9999,1.0001,0.9998,0.9999,291133758.0
USDC,7/12/2023,0.9999,1.0001,0.9999,1.0,313982372.0
USDC,7/13/2023,1.0,1.0002,0.9995,0.9996,649798706.0
USDC,7/14/2023,0.9996,0.9999,0.9994,0.9994,559091321.0
USDC,7/15/2023,0.9995,0.9999,0.9993,0.9997,241583616.0
USDC,7/16/2023,0.9997,0.9999,0.9995,0.9995,207145446.0
USDC,7/17/2023,0.9995,0.9999,0.9995,0.9999,299738504.0
USDC,7/18/2023,0.9998,1.0,0.9998,0.9998,281390205.0
USDC,7/19/2023,0.9999,1.0001,0.9998,0.9999,247001017.0
USDC,7/20/2023,0.9999,1.0001,0.9999,1.0,202054237.0
USDC,7/21/2023,1.0,1.0001,1.0,1.0,128597148.0
USDC,7/22/2023,1.0,1.0001,0.9999,1.0,137731810.0
USDC,7/23/2023,1.0,1.0001,0.9998,1.0,117781967.0
USDC,7/24/2023,1.0,1.0003,0.9999,1.0001,266719950.0
USDC,7/25/2023,1.0001,1.0003,1.0,1.0001,188736104.0
USDC,7/26/2023,1.0002,1.0003,1.0,1.0001,238297730.0
USDC,7/27/2023,1.0,1.0004,1.0,1.0002,193187548.0
USDC,7/28/2023,1.0002,1.0005,1.0,1.0001,284605552.0
USDC,7/29/2023,1.0001,1.0002,0.9999,1.0,110467929.0
USDC,7/30/2023,1.0,1.0001,1.0,1.0001,95237871.0
USDC,7/31/2023,1.0001,1.0002,1.0,1.0001,270350290.0
USDC,8/1/2023,1.0002,1.0009,1.0001,1.0005,353764949.0
USDC,8/2/2023,1.0005,1.0009,1.0002,1.0006,310571587.0
USDC,8/3/2023,1.0005,1.0013,1.0004,1.0008,278038118.0
USDC,8/4/2023,1.0008,1.0016,1.0006,1.0014,269544985.0
USDC,8/5/2023,1.0013,1.0016,1.0008,1.0009,124132842.0
USDC,8/6/2023,1.0009,1.0016,1.0009,1.0015,124569376.0
USDC,8/7/2023,1.0015,1.0022,1.001,1.0011,373855763.0
USDC,8/8/2023,1.0011,1.0015,1.0002,1.0004,384347791.0
USDC,8/9/2023,1.0004,1.0009,1.0003,1.0007,220509429.0
USDC,8/10/2023,1.0007,1.0012,1.0005,1.0011,193336935.0
USDC,8/11/2023,1.0011,1.0016,1.001,1.0011,254147923.0
USDC,8/12/2023,1.0011,1.0011,1.0005,1.0006,121963521.0
USDC,8/13/2023,1.0006,1.0009,1.0005,1.0008,98939662.0
USDC,8/14/2023,1.0008,1.0015,1.0007,1.001,394735820.0
USDC,8/15/2023,1.0011,1.0016,1.0009,1.001,363587687.0
USDC,8/16/2023,1.0011,1.0014,1.001,1.0012,337883023.0
USDC,8/17/2023,1.0013,1.0016,0.9999,1.0003,595271041.0
USDC,8/18/2023,1.0003,1.0008,1.0,1.0003,517996078.0
USDC,8/19/2023,1.0003,1.0007,1.0001,1.0003,216420829.0
USDC,8/20/2023,1.0003,1.0003,1.0,1.0,166321457.0
USDC,8/21/2023,1.0,1.0006,1.0,1.0001,269611562.0
USDC,8/22/2023,1.0001,1.0007,1.0001,1.0005,311975941.0
USDC,8/23/2023,1.0006,1.0007,1.0002,1.0002,292782918.0
USDC,8/24/2023,1.0002,1.0007,1.0002,1.0004,208154011.0
USDC,8/25/2023,1.0005,1.0008,1.0003,1.0005,240741890.0
USDC,8/26/2023,1.0006,1.0009,1.0004,1.0006,166675078.0
USDC,8/27/2023,1.0005,1.0007,1.0003,1.0005,108844694.0
USDC,8/28/2023,1.0005,1.001,1.0004,1.0006,330788900.0
USDC,8/29/2023,1.0007,1.0009,0.9999,1.0,486775974.0
USDC,8/30/2023,1.0001,1.0003,0.9999,1.0,328469074.0
USDC,8/31/2023,1.0,1.0004,1.0,1.0002,282551106.0
USDC,9/1/2023,1.0003,1.0008,1.0002,1.0004,282045405.0
USDC,9/2/2023,1.0004,1.0005,1.0001,1.0001,103098964.0
USDC,9/3/2023,1.0001,1.0003,1.0001,1.0002,112530471.0
USDC,9/4/2023,1.0002,1.0006,1.0001,1.0003,194644944.0
USDC,9/5/2023,1.0003,1.0009,1.0003,1.0004,289846401.0
USDC,9/6/2023,1.0004,1.0008,1.0004,1.0006,253138078.0
USDC,9/7/2023,1.0006,1.0008,1.0005,1.0006,202718373.0
USDC,9/8/2023,1.0005,1.0006,1.0003,1.0003,262331519.0
USDC,9/9/2023,1.0003,1.0005,1.0003,1.0003,88023875.0
USDC,9/10/2023,1.0003,1.0005,1.0001,1.0004,113249910.0
USDC,9/11/2023,1.0003,1.0005,1.0003,1.0003,265808454.0
USDC,9/12/2023,1.0003,1.0005,1.0,1.0,314760324.0
USDC,9/13/2023,1.0,1.0003,0.9999,1.0,302624937.0
USDC,9/14/2023,0.9999,1.0002,0.9996,0.9999,294087722.0
USDC,9/15/2023,0.9998,1.0001,0.9998,1.0,228598767.0
USDC,9/16/2023,1.0,1.0001,0.9999,0.9999,98054509.0
USDC,9/17/2023,0.9999,1.0,0.9997,0.9998,82669025.0
USDC,9/18/2023,0.9998,1.0001,0.9997,0.9999,294267233.0
USDC,9/19/2023,0.9998,1.0,0.9997,0.9998,230688013.0
USDC,9/20/2023,0.9999,1.0001,0.9998,0.9999,258328895.0
USDC,9/21/2023,1.0,1.0002,0.9999,1.0001,188183587.0
USDC,9/22/2023,1.0001,1.0002,0.9999,1.0,213799160.0
USDC,9/23/2023,1.0,1.0001,0.9999,1.0,58092957.0
USDC,9/24/2023,0.9999,1.0,0.9999,0.9999,50659706.0
USDC,9/25/2023,0.9999,1.0005,0.9999,1.0002,263097582.0
USDC,9/26/2023,1.0002,1.0006,1.0001,1.0005,232307818.0
USDC,9/27/2023,1.0004,1.0015,1.0004,1.0007,263658939.0
USDC,9/28/2023,1.0007,1.0012,1.0,1.0002,336243884.0
USDC,9/29/2023,1.0002,1.0002,1.0,1.0001,232032321.0
USDC,9/30/2023,1.0001,1.0002,0.9998,0.9998,145789825.0
USDC,10/1/2023,0.9999,1.0002,0.9998,1.0001,123513694.0
USDC,10/2/2023,1.0002,1.0002,0.9994,0.9998,502717942.0
USDC,10/3/2023,0.9998,1.0,0.9998,1.0,289177492.0
USDC,10/4/2023,1.0,1.0001,0.9999,1.0001,204868866.0
USDC,10/5/2023,1.0,1.0001,0.9997,1.0,289212559.0
USDC,10/6/2023,1.0,1.0,0.9995,0.9996,255691323.0
USDC,10/7/2023,0.9996,0.9996,0.9993,0.9995,90375839.0
USDC,10/8/2023,0.9994,0.9996,0.9992,0.9995,163556088.0
USDC,10/9/2023,0.9995,0.9999,0.9994,0.9997,306877462.0
USDC,10/10/2023,0.9998,1.0,0.9997,0.9999,315100686.0
USDC,10/11/2023,1.0,1.0004,0.9998,1.0003,315921404.0
USDC,10/12/2023,1.0003,1.0005,1.0001,1.0003,201304063.0
USDC,10/13/2023,1.0003,1.0006,1.0001,1.0003,223204769.0
USDC,10/14/2023,1.0002,1.0003,1.0,1.0001,60730126.0
USDC,10/15/2023,1.0001,1.0001,0.9999,0.9999,123506293.0
USDC,10/16/2023,0.9999,1.0001,0.9995,0.9997,552083084.0
USDC,10/17/2023,0.9996,0.9998,0.9994,0.9997,438859081.0
USDC,10/18/2023,0.9997,1.0,0.9995,0.9999,336164069.0
USDC,10/19/2023,0.9999,1.0,0.9995,0.9996,386742790.0
USDC,10/20/2023,0.9996,0.9998,0.9991,0.9995,512465566.0
USDC,10/21/2023,0.9995,0.9998,0.9995,0.9996,140574766.0
USDC,10/22/2023,0.9995,0.9999,0.9993,0.9998,237172149.0
USDC,10/23/2023,0.9997,0.9999,0.9993,0.9996,665522083.0
USDC,10/24/2023,0.9996,1.0002,0.9995,1.0,719662880.0
USDC,10/25/2023,0.9999,1.0002,0.9996,0.9998,433858579.0
USDC,10/26/2023,0.9998,1.0001,0.9997,0.9999,377213051.0
USDC,10/27/2023,0.9999,1.0,0.9997,0.9999,335360335.0
USDC,10/28/2023,0.9999,1.0,0.9998,0.9999,138107354.0
USDC,10/29/2023,0.9998,1.0,0.9996,0.9997,166095344.0
USDC,10/30/2023,0.9997,1.0,0.9995,0.9996,387165226.0
USDC,10/31/2023,0.9996,0.9999,0.9995,0.9996,326456961.0
USDC,11/1/2023,0.9996,1.0,0.9994,0.9997,416981089.0
USDC,11/2/2023,0.9996,1.0,0.999,0.9998,515939608.0
USDC,11/3/2023,0.9998,1.0,0.9995,0.9997,374759128.0
USDC,11/4/2023,0.9996,0.9997,0.9993,0.9995,153032036.0
USDC,11/5/2023,0.9994,0.9995,0.9987,0.9994,256314651.0
USDC,11/6/2023,0.9994,0.9999,0.999,0.9997,438852396.0
USDC,11/7/2023,0.9998,1.0,0.9994,0.9996,481925448.0
USDC,11/8/2023,0.9996,1.0,0.9994,0.9997,375398030.0
USDC,11/9/2023,0.9997,0.9999,0.9993,0.9998,672344899.0
USDC,11/10/2023,0.9999,1.0,0.9994,0.9994,522323831.0
USDC,11/11/2023,0.9995,0.9998,0.9993,0.9998,267952853.0
USDC,11/12/2023,0.9998,0.9999,0.9994,0.9995,228861860.0
USDC,11/13/2023,0.9994,1.0,0.9992,0.9997,597534522.0
USDC,11/14/2023,0.9998,1.0001,0.9996,0.9998,466477801.0
USDC,11/15/2023,0.9998,1.0,0.9994,0.9996,501504202.0
USDC,11/16/2023,0.9996,1.0001,0.9994,0.9999,583461102.0
USDC,11/17/2023,0.9999,1.0001,0.9996,0.9996,400417103.0
USDC,11/18/2023,0.9997,0.9998,0.9994,0.9996,324640523.0
USDC,11/19/2023,0.9995,0.9996,0.9993,0.9996,203902457.0
USDC,11/20/2023,0.9995,0.9997,0.999,0.9993,564395832.0
USDC,11/21/2023,0.9993,0.9998,0.9992,0.9996,567276510.0
USDC,11/22/2023,0.9996,1.0001,0.9996,0.9997,501485154.0
USDC,11/23/2023,0.9998,1.0,0.9996,0.9999,325314966.0
USDC,11/24/2023,0.9999,1.0,0.999,0.9992,515525684.0
USDC,11/25/2023,0.9992,0.9996,0.9991,0.9995,212904423.0
USDC,11/26/2023,0.9995,0.9997,0.9994,0.9997,187939653.0
USDC,11/27/2023,0.9997,1.0001,0.9995,1.0,437066793.0
USDC,11/28/2023,1.0,1.0001,0.9991,0.9995,442800279.0
USDC,11/29/2023,0.9995,1.0,0.9992,0.9999,583244411.0
USDC,11/30/2023,0.9998,1.0,0.9997,0.9999,290761700.0
USDC,12/1/2023,0.9999,0.9999,0.9995,0.9995,423670505.0
USDC,12/2/2023,0.9996,0.9997,0.9994,0.9996,170047428.0
USDC,12/3/2023,0.9995,0.9998,0.9994,0.9997,166320872.0
USDC,12/4/2023,0.9997,1.0001,0.9989,1.0,573870327.0
USDC,12/5/2023,1.0,1.0002,0.9997,0.9999,556143004.0
USDC,12/6/2023,0.9998,1.0002,0.9997,0.9999,429453442.0
USDC,12/7/2023,0.9999,1.0001,0.9996,0.9998,490850875.0
USDC,12/8/2023,0.9998,1.0002,0.9996,0.9997,561303934.0
USDC,12/9/2023,0.9998,0.9998,0.9996,0.9996,303110239.0
USDC,12/10/2023,0.9997,1.0002,0.9996,0.9999,257539278.0
USDC,12/11/2023,1.0,1.001,0.9997,1.0004,795838775.0
USDC,12/12/2023,1.0005,1.0009,1.0,1.0005,559128572.0
USDC,12/13/2023,1.0005,1.0009,0.9997,0.9999,629493930.0
USDC,12/14/2023,0.9998,1.0003,0.9997,0.9999,484126699.0
USDC,12/15/2023,0.9999,1.0007,0.9996,1.0,582542895.0
USDC,12/16/2023,1.0001,1.0011,1.0,1.0008,236943649.0
USDC,12/17/2023,1.0008,1.0021,1.0007,1.0009,217888461.0
USDC,12/18/2023,1.001,1.0014,1.0002,1.0002,454363054.0
USDC,12/19/2023,1.0002,1.0007,1.0002,1.0002,505363149.0
USDC,12/20/2023,1.0002,1.0006,0.9997,0.9999,491898998.0
USDC,12/21/2023,1.0,1.0003,0.9998,0.9999,409685026.0
USDC,12/22/2023,0.9999,1.0002,0.9991,0.9993,535914628.0
USDC,12/23/2023,0.9994,0.9998,0.9989,0.9997,273976884.0
USDC,12/24/2023,0.9996,0.9999,0.9993,0.9995,367171830.0
USDC,12/25/2023,0.9995,1.0,0.9994,0.9998,367047444.0
USDC,12/26/2023,0.9999,1.0006,0.9997,1.0001,477042672.0
USDC,12/27/2023,1.0001,1.0006,0.9992,0.9993,693743809.0
USDC,12/28/2023,0.9993,1.0,0.9991,0.9996,616001492.0
USDC,12/29/2023,0.9997,1.0002,0.9993,0.9998,584473763.0
USDC,12/30/2023,0.9999,1.0002,0.9998,1.0,280480698.0
USDC,12/31/2023,1.0,1.0006,0.9999,1.0003,252050656.0
USDC,1/1/2024,1.0003,1.0004,0.9997,0.9999,252282813.0
USDC,1/2/2024,0.9998,0.9999,0.9989,0.9997,555518698.0
USDC,1/3/2024,0.9997,1.0,0.76,0.9995,765569573.0
USDC,1/4/2024,0.9996,0.9996,0.9984,0.9991,520433018.0
USDC,1/5/2024,0.9991,0.9996,0.9987,0.9993,573666756.0
USDC,1/6/2024,0.9993,0.9998,0.999,0.9995,246578404.0
